#
# There is insufficient memory for the Java Runtime Environment to continue.
# Native memory allocation (mmap) failed to map 671088640 bytes for G1 virtual space
# Possible reasons:
#   The system is out of physical RAM or swap space
#   The process is running with CompressedOops enabled, and the Java Heap may be blocking the growth of the native heap
# Possible solutions:
#   Reduce memory load on the system
#   Increase physical memory or swap space
#   Check if swap backing store is full
#   Decrease Java heap size (-Xmx/-Xms)
#   Decrease number of Java threads
#   Decrease Java thread stack sizes (-Xss)
#   Set larger code cache with -XX:ReservedCodeCacheSize=
#   JVM is running with Zero Based Compressed Oops mode in which the Java heap is
#     placed in the first 32GB address space. The Java Heap base address is the
#     maximum limit for the native heap growth. Please use -XX:HeapBaseMinAddress
#     to set the Java Heap base and to place the Java Heap above 32GB virtual address.
# This output file may be truncated or incomplete.
#
#  Out of Memory Error (os_windows.cpp:3548), pid=47852, tid=47932
#
# JRE version: OpenJDK Runtime Environment Temurin-17.0.5+8 (17.0.5+8) (build 17.0.5+8)
# Java VM: OpenJDK 64-Bit Server VM Temurin-17.0.5+8 (17.0.5+8, mixed mode, sharing, tiered, compressed oops, compressed class ptrs, g1 gc, windows-amd64)
# No core dump will be written. Minidumps are not enabled by default on client versions of Windows
#

---------------  S U M M A R Y ------------

Command Line: -XX:MaxMetaspaceSize=1024m -XX:+HeapDumpOnOutOfMemoryError --add-opens=java.base/java.util=ALL-UNNAMED --add-opens=java.base/java.lang=ALL-UNNAMED --add-opens=java.base/java.lang.invoke=ALL-UNNAMED --add-opens=java.prefs/java.util.prefs=ALL-UNNAMED --add-opens=java.base/java.nio.charset=ALL-UNNAMED --add-opens=java.base/java.net=ALL-UNNAMED --add-opens=java.base/java.util.concurrent.atomic=ALL-UNNAMED -Xmx6144m -Dfile.encoding=UTF-8 -Duser.country=CN -Duser.language=zh -Duser.variant -javaagent:C:\Users\67670\.gradle\wrapper\dists\gradle-8.4-bin\1w5dpkrfk8irigvoxmyhowfim\gradle-8.4\lib\agents\gradle-instrumentation-agent-8.4.jar org.gradle.launcher.daemon.bootstrap.GradleDaemon 8.4

Host: Intel(R) Core(TM) i7-14700F, 28 cores, 31G,  Windows 11 , 64 bit Build 26100 (10.0.26100.8328)
Time: Tue May 19 11:53:23 2026  Windows 11 , 64 bit Build 26100 (10.0.26100.8328) elapsed time: 67.406583 seconds (0d 0h 1m 7s)

---------------  T H R E A D  ---------------

Current thread (0x00000260f70fc9f0):  VMThread "VM Thread" [stack: 0x0000008b51c00000,0x0000008b51d00000] [id=47932]

Stack: [0x0000008b51c00000,0x0000008b51d00000]
Native frames: (J=compiled Java code, j=interpreted, Vv=VM code, C=native code)
V  [jvm.dll+0x676b3a]
V  [jvm.dll+0x831444]
V  [jvm.dll+0x832bee]
V  [jvm.dll+0x833253]
V  [jvm.dll+0x244ce5]
V  [jvm.dll+0x673a49]
V  [jvm.dll+0x66811a]
V  [jvm.dll+0x303ceb]
V  [jvm.dll+0x30b1e6]
V  [jvm.dll+0x35adbe]
V  [jvm.dll+0x35afef]
V  [jvm.dll+0x2dab88]
V  [jvm.dll+0x2ddc16]
V  [jvm.dll+0x2e82d8]
V  [jvm.dll+0x31c530]
V  [jvm.dll+0x8376fb]
V  [jvm.dll+0x838434]
V  [jvm.dll+0x83894c]
V  [jvm.dll+0x838d24]
V  [jvm.dll+0x838df0]
V  [jvm.dll+0x7e17ea]
V  [jvm.dll+0x6759e5]
C  [ucrtbase.dll+0x37b0]
C  [KERNEL32.DLL+0x2e957]
C  [ntdll.dll+0x427c]

VM_Operation (0x0000008b518ff790): G1Concurrent, mode: safepoint, requested by thread 0x00000260ce6ae200


---------------  P R O C E S S  ---------------

Threads class SMR info:
_java_thread_list=0x0000026085ecd960, length=443, elements={
0x00000260ce68e500, 0x00000260f7101f50, 0x00000260f7102810, 0x00000260f7e77da0,
0x00000260f7e79670, 0x00000260f7e7a540, 0x00000260f7e7ae00, 0x00000260f7e7b9f0,
0x00000260f7e7e300, 0x00000260f7e7ec00, 0x00000260f7e60dd0, 0x00000260f8129460,
0x00000260fb300500, 0x00000260fa021be0, 0x00000260fa4c6120, 0x00000260fb4d3200,
0x00000260fa1efde0, 0x00000260fada7cc0, 0x00000260fad980d0, 0x00000260fadd6520,
0x00000260fadd7860, 0x00000260fadd69f0, 0x00000260fadd6ec0, 0x00000260fadd7d30,
0x00000260fafe5b00, 0x00000260fafe8650, 0x00000260fafe64a0, 0x00000260fafe8180,
0x00000260fafe8b20, 0x00000260fafe7310, 0x00000260fafea330, 0x00000260fafe8ff0,
0x00000260fafe94c0, 0x00000260fafe9990, 0x00000260fafe77e0, 0x00000260fafe6e40,
0x00000260fafeacd0, 0x00000260fafeb1a0, 0x00000260fafe7cb0, 0x00000260fafeb670,
0x00000260fafebb40, 0x00000260fafec9b0, 0x00000260fafec010, 0x00000260fafec4e0,
0x00000260fafece80, 0x00000260fafed350, 0x00000260fdd54c40, 0x00000260fdd542a0,
0x00000260fdd53430, 0x00000260fdd55110, 0x00000260fdd53900, 0x00000260fdd54770,
0x00000260fdd555e0, 0x00000260fdd55ab0, 0x00000260fdd53dd0, 0x00000260fdd52f60,
0x00000260fdd59470, 0x00000260fdd58ad0, 0x00000260fdd58fa0, 0x00000260fdd56df0,
0x00000260fdd572c0, 0x00000260fdd59940, 0x00000260fdd55f80, 0x00000260fdd59e10,
0x00000260fdd57790, 0x00000260fdd58130, 0x00000260fdd56450, 0x00000260fdd57c60,
0x00000260fdd5a2e0, 0x00000260fdd56920, 0x00000260fdd5a7b0, 0x0000026080001db0,
0x0000026080000f40, 0x00000260800030f0, 0x00000260800018e0, 0x0000026080001410,
0x0000026080002280, 0x00000260800035c0, 0x00000260800000d0, 0x0000026080002750,
0x0000026080002c20, 0x0000026080003a90, 0x0000026080003f60, 0x00000260800005a0,
0x0000026080004430, 0x0000026080000a70, 0x00000260800052a0, 0x0000026080004900,
0x0000026080004dd0, 0x0000026080005770, 0x0000026080005c40, 0x0000026081b23510,
0x0000026081b21830, 0x0000026081b24850, 0x0000026081b226a0, 0x0000026081b239e0,
0x0000026081b23040, 0x0000026081b23eb0, 0x0000026081b24380, 0x0000026081b21d00,
0x0000026081b25b90, 0x0000026081b24d20, 0x0000026081b22b70, 0x0000026081b221d0,
0x0000026081b26530, 0x0000026081b27870, 0x0000026081b286e0, 0x0000026081b26ed0,
0x0000026081b251f0, 0x0000026081b27d40, 0x0000026081b26060, 0x0000026081b28210,
0x0000026081b256c0, 0x0000026081b28bb0, 0x0000026081b26a00, 0x0000026081b29080,
0x0000026081b273a0, 0x0000026086ae7530, 0x0000026086ae7060, 0x0000026086ae5850,
0x0000026086ae4eb0, 0x0000026086ae7a00, 0x0000026086ae5d20, 0x0000026086ae7ed0,
0x0000026086ae61f0, 0x0000026086ae83a0, 0x0000026086ae8870, 0x0000026086ae8d40,
0x0000026086ae6b90, 0x0000026086ae66c0, 0x0000026086ae5380, 0x0000026086ae9bb0,
0x0000026086aec700, 0x0000026086aeaef0, 0x0000026086aea080, 0x0000026086aeb3c0,
0x0000026086aebd60, 0x0000026086aea550, 0x0000026086aeb890, 0x0000026086aeaa20,
0x0000026086aec230, 0x0000026086ae9210, 0x0000026086ae96e0, 0x0000026080006f80,
0x00000260f803ed70, 0x00000260f803df00, 0x00000260f803d090, 0x00000260f803da30,
0x00000260f803fbe0, 0x00000260f803e3d0, 0x00000260f803d560, 0x00000260f803f240,
0x00000260f803cbc0, 0x00000260f803e8a0, 0x00000260f803c6f0, 0x00000260f803f710,
0x00000260f803c220, 0x00000260f80400b0, 0x00000260f80418c0, 0x00000260f80430d0,
0x00000260f8040580, 0x00000260f8043a70, 0x00000260f8040a50, 0x00000260f8040f20,
0x00000260f8042730, 0x00000260f80413f0, 0x00000260f8041d90, 0x00000260f80435a0,
0x00000260f8042260, 0x00000260f8042c00, 0x0000026080d57f40, 0x0000026080d57a70,
0x0000026080d59280, 0x0000026080d56c00, 0x0000026080d588e0, 0x0000026080d58410,
0x0000026080d56730, 0x0000026080d56260, 0x0000026080d55d90, 0x0000026080d58db0,
0x0000026080d558c0, 0x0000026080d59750, 0x0000026080d59c20, 0x0000026080d5a0f0,
0x0000026080d5a5c0, 0x0000026080d5aa90, 0x0000026080d570d0, 0x0000026080d575a0,
0x0000026080d5af60, 0x0000026080d5b430, 0x0000026080d5b900, 0x0000026080d5c2a0,
0x0000026080d5bdd0, 0x0000026080d5c770, 0x0000026080d5cc40, 0x0000026080d5d110,
0x0000026082338990, 0x000002608233a670, 0x000002608233ab40, 0x0000026082337ff0,
0x000002608233b010, 0x00000260823384c0, 0x0000026082338e60, 0x0000026082337650,
0x000002608233b4e0, 0x0000026082339800, 0x0000026082337b20, 0x000002608233c820,
0x000002608233b9b0, 0x000002608233c350, 0x0000026082339cd0, 0x000002608233be80,
0x0000026082339330, 0x000002608233ccf0, 0x000002608233d1c0, 0x000002608233d690,
0x000002608233db60, 0x000002608233a1a0, 0x000002608233e030, 0x000002608233e500,
0x00000260809627a0, 0x0000026080961e00, 0x0000026080961460, 0x000002608095fc50,
0x000002608095ede0, 0x000002608095f780, 0x0000026080962c70, 0x0000026080960120,
0x0000026080963610, 0x0000026080963ae0, 0x0000026080963fb0, 0x0000026080964480,
0x0000026080960ac0, 0x0000026080964950, 0x0000026080966160, 0x0000026080966630,
0x0000026080965c90, 0x0000026080964e20, 0x00000260809652f0, 0x00000260fb1a7ee0,
0x00000260fb1a96f0, 0x00000260fb1a8d50, 0x00000260fb1aaf00, 0x00000260fb1a9220,
0x00000260fb1aaa30, 0x00000260fb1ab3d0, 0x00000260fb1ab8a0, 0x00000260fb1a9bc0,
0x00000260fb1abd70, 0x00000260fb1acbe0, 0x00000260fb1ad580, 0x00000260fb1aa090,
0x00000260fb1af260, 0x00000260fb1b18e0, 0x00000260fb1aed90, 0x00000260fb1b0a70,
0x00000260fb1ae3f0, 0x00000260fb1afc00, 0x00000260fb1b0f40, 0x00000260fb1adf20,
0x00000260fb1b00d0, 0x00000260fb1b1410, 0x00000260fb1b1db0, 0x00000260fb1aa560,
0x00000260fb1af730, 0x00000260fb1ae8c0, 0x00000260fb1b2750, 0x00000260fb1b2c20,
0x00000260fb1b05a0, 0x00000260fb1b5770, 0x00000260fb1b30f0, 0x00000260fb1b65e0,
0x00000260fb1b3a90, 0x00000260fb1b3f60, 0x00000260fb1b5c40, 0x00000260fb1b6ab0,
0x00000260fb1b4430, 0x00000260fb1b6110, 0x00000260fb1b35c0, 0x00000260fb1b6f80,
0x00000260fb1b4dd0, 0x00000260fb1b4900, 0x00000260fb1b52a0, 0x00000260fb1b7450,
0x00000260fb1b7920, 0x000002608095f2b0, 0x0000026080960f90, 0x0000026080961930,
0x0000026080c77210, 0x0000026080c76870, 0x0000026080c78080, 0x0000026080c75060,
0x0000026080c763a0, 0x0000026080c75530, 0x0000026080c78a20, 0x0000026080c776e0,
0x0000026080c75ed0, 0x0000026080c78ef0, 0x0000026080c76d40, 0x0000026080c78550,
0x0000026080c793c0, 0x0000026080c77bb0, 0x0000026080c75a00, 0x0000026080c7cd80,
0x0000026080c7abd0, 0x0000026080c79890, 0x0000026080c7d250, 0x0000026080c7a230,
0x0000026080c79d60, 0x0000026080c7c8b0, 0x0000026080c7a700, 0x0000026080c7b570,
0x0000026080c7d720, 0x0000026080c7dbf0, 0x0000026080c7e0c0, 0x0000026080c7ea60,
0x0000026080c7e590, 0x0000026080c7f8d0, 0x0000026080c7bf10, 0x0000026080c7fda0,
0x0000026080c7c3e0, 0x0000026080c80270, 0x0000026080c83760, 0x0000026080c83290,
0x0000026080c81a80, 0x0000026080c81f50, 0x0000026080c83c30, 0x0000026080c82420,
0x0000026080c828f0, 0x0000026080c82dc0, 0x0000026080c84100, 0x0000026080c810e0,
0x0000026080c815b0, 0x0000026080c80740, 0x0000026080c845d0, 0x0000026080c80c10,
0x0000026080c84aa0, 0x00000260fd91bdf0, 0x00000260fd91cc60, 0x00000260fd91c2c0,
0x00000260fd91c790, 0x00000260fd91b450, 0x00000260fd91b920, 0x00000260fd9192a0,
0x00000260fd91a5e0, 0x00000260fd91d130, 0x00000260fd91aab0, 0x00000260fd919770,
0x00000260fd91af80, 0x00000260fd919c40, 0x00000260fd91d600, 0x00000260fd91a110,
0x00000260fd91dfa0, 0x00000260fd920fc0, 0x00000260fd920620, 0x00000260fd91f2e0,
0x00000260fd91ee10, 0x00000260fd91e940, 0x00000260fd91f7b0, 0x00000260fd91e470,
0x00000260fd921490, 0x00000260fd920af0, 0x00000260fd91dad0, 0x00000260fd921960,
0x00000260fd921e30, 0x00000260fd922ca0, 0x00000260fd923640, 0x00000260fd922300,
0x00000260fd923170, 0x00000260fd9227d0, 0x00000260fd91fc80, 0x00000260fd923b10,
0x00000260fd920150, 0x00000260fd923fe0, 0x00000260fd924980, 0x00000260fd924e50,
0x00000260fd927000, 0x00000260fd925320, 0x00000260fd9257f0, 0x00000260fd926190,
0x00000260fd9274d0, 0x00000260fd9279a0, 0x00000260fd926b30, 0x00000260fd925cc0,
0x00000260fd926660, 0x00000260fd927e70, 0x00000260fd9244b0, 0x00000260fd928340,
0x00000260fd928810, 0x00000260fd928ce0, 0x00000260879d8580, 0x00000260879d5a30,
0x00000260879d8a50, 0x00000260879d5f00, 0x00000260879d5560, 0x00000260879d7240,
0x00000260879d68a0, 0x00000260879d7710, 0x00000260879d6d70, 0x00000260879d63d0,
0x00000260879d7be0, 0x00000260879d5090, 0x00000260879dba70, 0x00000260879d98c0,
0x00000260879d93f0, 0x00000260879d8f20, 0x00000260879da260, 0x00000260879da730,
0x00000260879d9d90, 0x00000260879dac00, 0x00000260879dea90, 0x00000260879db5a0,
0x00000260879dd750, 0x00000260879dbf40, 0x00000260879ddc20, 0x00000260879dc410,
0x00000260879db0d0, 0x00000260879def60, 0x00000260879df430, 0x00000260879de0f0,
0x00000260879df900, 0x00000260879dfdd0, 0x00000260879e02a0, 0x00000260879e0770,
0x00000260879dcdb0, 0x00000260879e1f80, 0x00000260879e2450, 0x00000260879e3c60,
0x00000260879e2920, 0x00000260879e2df0, 0x00000260879e3790, 0x00000260879e0c40,
0x00000260879e4130, 0x00000260879e4ad0, 0x00000260879e1ab0, 0x00000260879e4600,
0x00000260879e32c0, 0x00000260879e1110, 0x00000260879e15e0, 0x0000026080c7f400,
0x00000260837e9ff0, 0x00000260837ec670, 0x00000260837eb800
}

Java Threads: ( => current thread )
  0x00000260ce68e500 JavaThread "main" [_thread_blocked, id=47908, stack(0x0000008b51600000,0x0000008b51700000)]
  0x00000260f7101f50 JavaThread "Reference Handler" daemon [_thread_blocked, id=47936, stack(0x0000008b51d00000,0x0000008b51e00000)]
  0x00000260f7102810 JavaThread "Finalizer" daemon [_thread_blocked, id=47940, stack(0x0000008b51e00000,0x0000008b51f00000)]
  0x00000260f7e77da0 JavaThread "Signal Dispatcher" daemon [_thread_blocked, id=47944, stack(0x0000008b51f00000,0x0000008b52000000)]
  0x00000260f7e79670 JavaThread "Attach Listener" daemon [_thread_blocked, id=47948, stack(0x0000008b52000000,0x0000008b52100000)]
  0x00000260f7e7a540 JavaThread "Service Thread" daemon [_thread_blocked, id=47952, stack(0x0000008b52100000,0x0000008b52200000)]
  0x00000260f7e7ae00 JavaThread "Monitor Deflation Thread" daemon [_thread_blocked, id=47956, stack(0x0000008b52200000,0x0000008b52300000)]
  0x00000260f7e7b9f0 JavaThread "C2 CompilerThread0" daemon [_thread_blocked, id=47960, stack(0x0000008b52300000,0x0000008b52400000)]
  0x00000260f7e7e300 JavaThread "C1 CompilerThread0" daemon [_thread_blocked, id=47964, stack(0x0000008b52400000,0x0000008b52500000)]
  0x00000260f7e7ec00 JavaThread "Sweeper thread" daemon [_thread_blocked, id=47968, stack(0x0000008b52500000,0x0000008b52600000)]
  0x00000260f7e60dd0 JavaThread "Common-Cleaner" daemon [_thread_blocked, id=47972, stack(0x0000008b52600000,0x0000008b52700000)]
  0x00000260f8129460 JavaThread "Notification Thread" daemon [_thread_blocked, id=47992, stack(0x0000008b52b00000,0x0000008b52c00000)]
  0x00000260fb300500 JavaThread "Daemon health stats" [_thread_blocked, id=48052, stack(0x0000008b53900000,0x0000008b53a00000)]
  0x00000260fa021be0 JavaThread "Incoming local TCP Connector on port 60706" [_thread_in_native, id=48060, stack(0x0000008b53a00000,0x0000008b53b00000)]
  0x00000260fa4c6120 JavaThread "Daemon periodic checks" [_thread_blocked, id=48068, stack(0x0000008b53b00000,0x0000008b53c00000)]
  0x00000260fb4d3200 JavaThread "Daemon" [_thread_blocked, id=48080, stack(0x0000008b53c00000,0x0000008b53d00000)]
  0x00000260fa1efde0 JavaThread "Handler for socket connection from /127.0.0.1:60706 to /127.0.0.1:60707" [_thread_in_native, id=48084, stack(0x0000008b53d00000,0x0000008b53e00000)]
  0x00000260fada7cc0 JavaThread "Cancel handler" [_thread_blocked, id=48088, stack(0x0000008b53e00000,0x0000008b53f00000)]
  0x00000260fad980d0 JavaThread "Daemon worker" [_thread_blocked, id=48092, stack(0x0000008b53f00000,0x0000008b54000000)]
  0x00000260fadd6520 JavaThread "Asynchronous log dispatcher for DefaultDaemonConnection: socket connection from /127.0.0.1:60706 to /127.0.0.1:60707" [_thread_blocked, id=48104, stack(0x0000008b54000000,0x0000008b54100000)]
  0x00000260fadd7860 JavaThread "Daemon client event forwarder" [_thread_blocked, id=48112, stack(0x0000008b54200000,0x0000008b54300000)]
  0x00000260fadd69f0 JavaThread "Cache worker for journal cache (C:\Users\67670\.gradle\caches\journal-1)" [_thread_blocked, id=40884, stack(0x0000008b54b00000,0x0000008b54c00000)]
  0x00000260fadd6ec0 JavaThread "File lock request listener" [_thread_in_native, id=31576, stack(0x0000008b54c00000,0x0000008b54d00000)]
  0x00000260fadd7d30 JavaThread "Cache worker for file hash cache (C:\Users\67670\.gradle\caches\8.4\fileHashes)" [_thread_blocked, id=35796, stack(0x0000008b54d00000,0x0000008b54e00000)]
  0x00000260fafe5b00 JavaThread "File watcher server" daemon [_thread_blocked, id=35880, stack(0x0000008b54e00000,0x0000008b54f00000)]
  0x00000260fafe8650 JavaThread "File watcher consumer" daemon [_thread_blocked, id=6524, stack(0x0000008b54f00000,0x0000008b55000000)]
  0x00000260fafe64a0 JavaThread "Cache worker for checksums cache (C:\Users\67670\Documents\android_projects\.gradle\8.4\checksums)" [_thread_blocked, id=37144, stack(0x0000008b55400000,0x0000008b55500000)]
  0x00000260fafe8180 JavaThread "Cache worker for file hash cache (C:\Users\67670\Documents\android_projects\.gradle\8.4\fileHashes)" [_thread_blocked, id=31548, stack(0x0000008b55500000,0x0000008b55600000)]
  0x00000260fafe8b20 JavaThread "Cache worker for cache directory md-supplier (C:\Users\67670\.gradle\caches\8.4\md-supplier)" [_thread_blocked, id=41436, stack(0x0000008b55600000,0x0000008b55700000)]
  0x00000260fafe7310 JavaThread "Cache worker for file content cache (C:\Users\67670\.gradle\caches\8.4\fileContent)" [_thread_blocked, id=30184, stack(0x0000008b55700000,0x0000008b55800000)]
  0x00000260fafea330 JavaThread "Cache worker for cache directory md-rule (C:\Users\67670\.gradle\caches\8.4\md-rule)" [_thread_blocked, id=38712, stack(0x0000008b55800000,0x0000008b55900000)]
  0x00000260fafe8ff0 JavaThread "Cache worker for execution history cache (C:\Users\67670\.gradle\caches\8.4\executionHistory)" [_thread_blocked, id=16612, stack(0x0000008b55900000,0x0000008b55a00000)]
  0x00000260fafe94c0 JavaThread "jar transforms" [_thread_blocked, id=18764, stack(0x0000008b55a00000,0x0000008b55b00000)]
  0x00000260fafe9990 JavaThread "jar transforms Thread 2" [_thread_blocked, id=34068, stack(0x0000008b55b00000,0x0000008b55c00000)]
  0x00000260fafe77e0 JavaThread "jar transforms Thread 3" [_thread_blocked, id=19548, stack(0x0000008b55f00000,0x0000008b56000000)]
  0x00000260fafe6e40 JavaThread "jar transforms Thread 4" [_thread_blocked, id=15012, stack(0x0000008b56000000,0x0000008b56100000)]
  0x00000260fafeacd0 JavaThread "jar transforms Thread 5" [_thread_blocked, id=45580, stack(0x0000008b56100000,0x0000008b56200000)]
  0x00000260fafeb1a0 JavaThread "jar transforms Thread 6" [_thread_blocked, id=44356, stack(0x0000008b56200000,0x0000008b56300000)]
  0x00000260fafe7cb0 JavaThread "jar transforms Thread 7" [_thread_blocked, id=47392, stack(0x0000008b56300000,0x0000008b56400000)]
  0x00000260fafeb670 JavaThread "jar transforms Thread 8" [_thread_blocked, id=44652, stack(0x0000008b56400000,0x0000008b56500000)]
  0x00000260fafebb40 JavaThread "jar transforms Thread 9" [_thread_blocked, id=31948, stack(0x0000008b56500000,0x0000008b56600000)]
  0x00000260fafec9b0 JavaThread "jar transforms Thread 10" [_thread_blocked, id=47364, stack(0x0000008b56600000,0x0000008b56700000)]
  0x00000260fafec010 JavaThread "jar transforms Thread 11" [_thread_blocked, id=31992, stack(0x0000008b56700000,0x0000008b56800000)]
  0x00000260fafec4e0 JavaThread "jar transforms Thread 12" [_thread_blocked, id=47356, stack(0x0000008b56800000,0x0000008b56900000)]
  0x00000260fafece80 JavaThread "jar transforms Thread 13" [_thread_blocked, id=37784, stack(0x0000008b56900000,0x0000008b56a00000)]
  0x00000260fafed350 JavaThread "jar transforms Thread 14" [_thread_blocked, id=4212, stack(0x0000008b56a00000,0x0000008b56b00000)]
  0x00000260fdd54c40 JavaThread "jar transforms Thread 15" [_thread_blocked, id=45304, stack(0x0000008b56b00000,0x0000008b56c00000)]
  0x00000260fdd542a0 JavaThread "jar transforms Thread 16" [_thread_blocked, id=47416, stack(0x0000008b56c00000,0x0000008b56d00000)]
  0x00000260fdd53430 JavaThread "jar transforms Thread 17" [_thread_blocked, id=47404, stack(0x0000008b56d00000,0x0000008b56e00000)]
  0x00000260fdd55110 JavaThread "jar transforms Thread 18" [_thread_blocked, id=42620, stack(0x0000008b56e00000,0x0000008b56f00000)]
  0x00000260fdd53900 JavaThread "jar transforms Thread 19" [_thread_blocked, id=31712, stack(0x0000008b56f00000,0x0000008b57000000)]
  0x00000260fdd54770 JavaThread "jar transforms Thread 20" [_thread_blocked, id=40376, stack(0x0000008b57000000,0x0000008b57100000)]
  0x00000260fdd555e0 JavaThread "jar transforms Thread 21" [_thread_blocked, id=47400, stack(0x0000008b57100000,0x0000008b57200000)]
  0x00000260fdd55ab0 JavaThread "jar transforms Thread 22" [_thread_blocked, id=25740, stack(0x0000008b57200000,0x0000008b57300000)]
  0x00000260fdd53dd0 JavaThread "jar transforms Thread 23" [_thread_blocked, id=47028, stack(0x0000008b57300000,0x0000008b57400000)]
  0x00000260fdd52f60 JavaThread "jar transforms Thread 24" [_thread_blocked, id=22812, stack(0x0000008b57400000,0x0000008b57500000)]
  0x00000260fdd59470 JavaThread "jar transforms Thread 25" [_thread_blocked, id=34688, stack(0x0000008b55e00000,0x0000008b55f00000)]
  0x00000260fdd58ad0 JavaThread "jar transforms Thread 26" [_thread_blocked, id=6756, stack(0x0000008b57500000,0x0000008b57600000)]
  0x00000260fdd58fa0 JavaThread "Cache worker for dependencies-accessors (C:\Users\67670\Documents\android_projects\.gradle\8.4\dependencies-accessors)" [_thread_blocked, id=40408, stack(0x0000008b57600000,0x0000008b57700000)]
  0x00000260fdd56df0 JavaThread "jar transforms Thread 27" [_thread_blocked, id=47444, stack(0x0000008b57700000,0x0000008b57800000)]
  0x00000260fdd572c0 JavaThread "jar transforms Thread 28" [_thread_blocked, id=47428, stack(0x0000008b57800000,0x0000008b57900000)]
  0x00000260fdd59940 JavaThread "Cache worker for Build Output Cleanup Cache (C:\Users\67670\Documents\android_projects\.gradle\buildOutputCleanup)" [_thread_blocked, id=47424, stack(0x0000008b57900000,0x0000008b57a00000)]
  0x00000260fdd55f80 JavaThread "Unconstrained build operations" [_thread_blocked, id=15276, stack(0x0000008b57a00000,0x0000008b57b00000)]
  0x00000260fdd59e10 JavaThread "Unconstrained build operations Thread 2" [_thread_blocked, id=19956, stack(0x0000008b57b00000,0x0000008b57c00000)]
  0x00000260fdd57790 JavaThread "Unconstrained build operations Thread 3" [_thread_blocked, id=26844, stack(0x0000008b57c00000,0x0000008b57d00000)]
  0x00000260fdd58130 JavaThread "Unconstrained build operations Thread 4" [_thread_blocked, id=43484, stack(0x0000008b57d00000,0x0000008b57e00000)]
  0x00000260fdd56450 JavaThread "Unconstrained build operations Thread 5" [_thread_blocked, id=33812, stack(0x0000008b57e00000,0x0000008b57f00000)]
  0x00000260fdd57c60 JavaThread "Unconstrained build operations Thread 6" [_thread_blocked, id=39140, stack(0x0000008b57f00000,0x0000008b58000000)]
  0x00000260fdd5a2e0 JavaThread "Unconstrained build operations Thread 7" [_thread_blocked, id=30948, stack(0x0000008b58000000,0x0000008b58100000)]
  0x00000260fdd56920 JavaThread "Unconstrained build operations Thread 8" [_thread_blocked, id=47492, stack(0x0000008b58100000,0x0000008b58200000)]
  0x00000260fdd5a7b0 JavaThread "Unconstrained build operations Thread 9" [_thread_blocked, id=47496, stack(0x0000008b58200000,0x0000008b58300000)]
  0x0000026080001db0 JavaThread "Unconstrained build operations Thread 10" [_thread_blocked, id=39372, stack(0x0000008b58300000,0x0000008b58400000)]
  0x0000026080000f40 JavaThread "Unconstrained build operations Thread 11" [_thread_blocked, id=35412, stack(0x0000008b58400000,0x0000008b58500000)]
  0x00000260800030f0 JavaThread "Unconstrained build operations Thread 12" [_thread_blocked, id=46792, stack(0x0000008b58500000,0x0000008b58600000)]
  0x00000260800018e0 JavaThread "Unconstrained build operations Thread 13" [_thread_blocked, id=37444, stack(0x0000008b58600000,0x0000008b58700000)]
  0x0000026080001410 JavaThread "Unconstrained build operations Thread 14" [_thread_blocked, id=47384, stack(0x0000008b58700000,0x0000008b58800000)]
  0x0000026080002280 JavaThread "Unconstrained build operations Thread 15" [_thread_blocked, id=47180, stack(0x0000008b58800000,0x0000008b58900000)]
  0x00000260800035c0 JavaThread "Unconstrained build operations Thread 16" [_thread_blocked, id=47164, stack(0x0000008b58900000,0x0000008b58a00000)]
  0x00000260800000d0 JavaThread "Unconstrained build operations Thread 17" [_thread_blocked, id=47168, stack(0x0000008b58a00000,0x0000008b58b00000)]
  0x0000026080002750 JavaThread "Unconstrained build operations Thread 18" [_thread_blocked, id=47196, stack(0x0000008b58b00000,0x0000008b58c00000)]
  0x0000026080002c20 JavaThread "Unconstrained build operations Thread 19" [_thread_blocked, id=47200, stack(0x0000008b58c00000,0x0000008b58d00000)]
  0x0000026080003a90 JavaThread "Unconstrained build operations Thread 20" [_thread_blocked, id=17508, stack(0x0000008b58d00000,0x0000008b58e00000)]
  0x0000026080003f60 JavaThread "Unconstrained build operations Thread 21" [_thread_blocked, id=44296, stack(0x0000008b58e00000,0x0000008b58f00000)]
  0x00000260800005a0 JavaThread "Unconstrained build operations Thread 22" [_thread_blocked, id=47172, stack(0x0000008b58f00000,0x0000008b59000000)]
  0x0000026080004430 JavaThread "Unconstrained build operations Thread 23" [_thread_blocked, id=47208, stack(0x0000008b59000000,0x0000008b59100000)]
  0x0000026080000a70 JavaThread "Unconstrained build operations Thread 24" [_thread_blocked, id=47120, stack(0x0000008b59100000,0x0000008b59200000)]
  0x00000260800052a0 JavaThread "Unconstrained build operations Thread 25" [_thread_blocked, id=47116, stack(0x0000008b59200000,0x0000008b59300000)]
  0x0000026080004900 JavaThread "Unconstrained build operations Thread 26" [_thread_blocked, id=47112, stack(0x0000008b59300000,0x0000008b59400000)]
  0x0000026080004dd0 JavaThread "Unconstrained build operations Thread 27" [_thread_blocked, id=9584, stack(0x0000008b59400000,0x0000008b59500000)]
  0x0000026080005770 JavaThread "build event listener" [_thread_blocked, id=9984, stack(0x0000008b52d00000,0x0000008b52e00000)]
  0x0000026080005c40 JavaThread "Memory manager" [_thread_blocked, id=47204, stack(0x0000008b55d00000,0x0000008b55e00000)]
  0x0000026081b23510 JavaThread "included builds" [_thread_blocked, id=47140, stack(0x0000008b59d00000,0x0000008b59e00000)]
  0x0000026081b21830 JavaThread "Execution worker" [_thread_blocked, id=47136, stack(0x0000008b59e00000,0x0000008b59f00000)]
  0x0000026081b24850 JavaThread "Execution worker Thread 2" [_thread_blocked, id=47144, stack(0x0000008b59f00000,0x0000008b5a000000)]
  0x0000026081b226a0 JavaThread "Execution worker Thread 3" [_thread_blocked, id=47148, stack(0x0000008b5a000000,0x0000008b5a100000)]
  0x0000026081b239e0 JavaThread "Execution worker Thread 4" [_thread_blocked, id=47152, stack(0x0000008b5a100000,0x0000008b5a200000)]
  0x0000026081b23040 JavaThread "Execution worker Thread 5" [_thread_blocked, id=13848, stack(0x0000008b5a200000,0x0000008b5a300000)]
  0x0000026081b23eb0 JavaThread "Execution worker Thread 6" [_thread_blocked, id=28980, stack(0x0000008b5a300000,0x0000008b5a400000)]
  0x0000026081b24380 JavaThread "Execution worker Thread 7" [_thread_blocked, id=47132, stack(0x0000008b5a400000,0x0000008b5a500000)]
  0x0000026081b21d00 JavaThread "Execution worker Thread 8" [_thread_blocked, id=47124, stack(0x0000008b5a500000,0x0000008b5a600000)]
  0x0000026081b25b90 JavaThread "Execution worker Thread 9" [_thread_blocked, id=29580, stack(0x0000008b5a600000,0x0000008b5a700000)]
  0x0000026081b24d20 JavaThread "Execution worker Thread 10" [_thread_blocked, id=44752, stack(0x0000008b5a700000,0x0000008b5a800000)]
  0x0000026081b22b70 JavaThread "Execution worker Thread 11" [_thread_blocked, id=36088, stack(0x0000008b5a800000,0x0000008b5a900000)]
  0x0000026081b221d0 JavaThread "Execution worker Thread 12" [_thread_blocked, id=37800, stack(0x0000008b5a900000,0x0000008b5aa00000)]
  0x0000026081b26530 JavaThread "Execution worker Thread 13" [_thread_blocked, id=26612, stack(0x0000008b5aa00000,0x0000008b5ab00000)]
  0x0000026081b27870 JavaThread "Execution worker Thread 14" [_thread_blocked, id=34956, stack(0x0000008b5ab00000,0x0000008b5ac00000)]
  0x0000026081b286e0 JavaThread "Execution worker Thread 15" [_thread_blocked, id=36128, stack(0x0000008b5ac00000,0x0000008b5ad00000)]
  0x0000026081b26ed0 JavaThread "Execution worker Thread 16" [_thread_blocked, id=26964, stack(0x0000008b5ad00000,0x0000008b5ae00000)]
  0x0000026081b251f0 JavaThread "Execution worker Thread 17" [_thread_blocked, id=46900, stack(0x0000008b5ae00000,0x0000008b5af00000)]
  0x0000026081b27d40 JavaThread "Execution worker Thread 18" [_thread_blocked, id=47520, stack(0x0000008b5af00000,0x0000008b5b000000)]
  0x0000026081b26060 JavaThread "Execution worker Thread 19" [_thread_blocked, id=47580, stack(0x0000008b5b000000,0x0000008b5b100000)]
  0x0000026081b28210 JavaThread "Execution worker Thread 20" [_thread_blocked, id=46744, stack(0x0000008b5b100000,0x0000008b5b200000)]
  0x0000026081b256c0 JavaThread "Execution worker Thread 21" [_thread_blocked, id=31660, stack(0x0000008b5b200000,0x0000008b5b300000)]
  0x0000026081b28bb0 JavaThread "Execution worker Thread 22" [_thread_blocked, id=47556, stack(0x0000008b5b300000,0x0000008b5b400000)]
  0x0000026081b26a00 JavaThread "Execution worker Thread 23" [_thread_blocked, id=47568, stack(0x0000008b5b400000,0x0000008b5b500000)]
  0x0000026081b29080 JavaThread "Execution worker Thread 24" [_thread_blocked, id=11488, stack(0x0000008b5b500000,0x0000008b5b600000)]
  0x0000026081b273a0 JavaThread "Execution worker Thread 25" [_thread_blocked, id=27316, stack(0x0000008b5b600000,0x0000008b5b700000)]
  0x0000026086ae7530 JavaThread "Execution worker Thread 26" [_thread_blocked, id=26284, stack(0x0000008b5b700000,0x0000008b5b800000)]
  0x0000026086ae7060 JavaThread "Execution worker Thread 27" [_thread_blocked, id=44096, stack(0x0000008b5b800000,0x0000008b5b900000)]
  0x0000026086ae5850 JavaThread "Cache worker for execution history cache (C:\Users\67670\Documents\android_projects\.gradle\8.4\executionHistory)" [_thread_blocked, id=46324, stack(0x0000008b5b900000,0x0000008b5ba00000)]
  0x0000026086ae4eb0 JavaThread "Unconstrained build operations Thread 28" [_thread_blocked, id=41316, stack(0x0000008b55c00000,0x0000008b55d00000)]
  0x0000026086ae7a00 JavaThread "Unconstrained build operations Thread 29" [_thread_blocked, id=42428, stack(0x0000008b59800000,0x0000008b59900000)]
  0x0000026086ae5d20 JavaThread "Unconstrained build operations Thread 30" [_thread_blocked, id=46972, stack(0x0000008b59900000,0x0000008b59a00000)]
  0x0000026086ae7ed0 JavaThread "Unconstrained build operations Thread 31" [_thread_blocked, id=3220, stack(0x0000008b59a00000,0x0000008b59b00000)]
  0x0000026086ae61f0 JavaThread "Unconstrained build operations Thread 32" [_thread_blocked, id=6512, stack(0x0000008b59c00000,0x0000008b59d00000)]
  0x0000026086ae83a0 JavaThread "Unconstrained build operations Thread 33" [_thread_blocked, id=27652, stack(0x0000008b5bb00000,0x0000008b5bc00000)]
  0x0000026086ae8870 JavaThread "Unconstrained build operations Thread 34" [_thread_blocked, id=47660, stack(0x0000008b5bc00000,0x0000008b5bd00000)]
  0x0000026086ae8d40 JavaThread "Unconstrained build operations Thread 35" [_thread_blocked, id=42388, stack(0x0000008b5bd00000,0x0000008b5be00000)]
  0x0000026086ae6b90 JavaThread "Unconstrained build operations Thread 36" [_thread_blocked, id=30804, stack(0x0000008b5be00000,0x0000008b5bf00000)]
  0x0000026086ae66c0 JavaThread "Unconstrained build operations Thread 37" [_thread_blocked, id=43928, stack(0x0000008b5bf00000,0x0000008b5c000000)]
  0x0000026086ae5380 JavaThread "Unconstrained build operations Thread 38" [_thread_blocked, id=37332, stack(0x0000008b52700000,0x0000008b52800000)]
  0x0000026086ae9bb0 JavaThread "Unconstrained build operations Thread 39" [_thread_blocked, id=47776, stack(0x0000008b52800000,0x0000008b52900000)]
  0x0000026086aec700 JavaThread "Unconstrained build operations Thread 40" [_thread_blocked, id=12572, stack(0x0000008b52900000,0x0000008b52a00000)]
  0x0000026086aeaef0 JavaThread "Unconstrained build operations Thread 41" [_thread_blocked, id=38416, stack(0x0000008b52a00000,0x0000008b52b00000)]
  0x0000026086aea080 JavaThread "Unconstrained build operations Thread 42" [_thread_blocked, id=39116, stack(0x0000008b59b00000,0x0000008b59c00000)]
  0x0000026086aeb3c0 JavaThread "Unconstrained build operations Thread 43" [_thread_blocked, id=17992, stack(0x0000008b5c000000,0x0000008b5c100000)]
  0x0000026086aebd60 JavaThread "Unconstrained build operations Thread 44" [_thread_blocked, id=47764, stack(0x0000008b5c300000,0x0000008b5c400000)]
  0x0000026086aea550 JavaThread "Unconstrained build operations Thread 45" [_thread_blocked, id=47772, stack(0x0000008b5c400000,0x0000008b5c500000)]
  0x0000026086aeb890 JavaThread "Unconstrained build operations Thread 46" [_thread_blocked, id=35944, stack(0x0000008b5c100000,0x0000008b5c200000)]
  0x0000026086aeaa20 JavaThread "Unconstrained build operations Thread 47" [_thread_blocked, id=12588, stack(0x0000008b5c200000,0x0000008b5c300000)]
  0x0000026086aec230 JavaThread "Unconstrained build operations Thread 48" [_thread_blocked, id=35336, stack(0x0000008b5c500000,0x0000008b5c600000)]
  0x0000026086ae9210 JavaThread "Unconstrained build operations Thread 49" [_thread_blocked, id=16704, stack(0x0000008b5c600000,0x0000008b5c700000)]
  0x0000026086ae96e0 JavaThread "Unconstrained build operations Thread 50" [_thread_blocked, id=31860, stack(0x0000008b5c700000,0x0000008b5c800000)]
  0x0000026080006f80 JavaThread "Unconstrained build operations Thread 51" [_thread_blocked, id=42268, stack(0x0000008b5c800000,0x0000008b5c900000)]
  0x00000260f803ed70 JavaThread "Unconstrained build operations Thread 52" [_thread_blocked, id=31232, stack(0x0000008b5c900000,0x0000008b5ca00000)]
  0x00000260f803df00 JavaThread "Unconstrained build operations Thread 53" [_thread_blocked, id=40916, stack(0x0000008b5cb00000,0x0000008b5cc00000)]
  0x00000260f803d090 JavaThread "Unconstrained build operations Thread 54" [_thread_blocked, id=40360, stack(0x0000008b5cc00000,0x0000008b5cd00000)]
  0x00000260f803da30 JavaThread "Unconstrained build operations Thread 55" [_thread_blocked, id=44940, stack(0x0000008b5ca00000,0x0000008b5cb00000)]
  0x00000260f803fbe0 JavaThread "Unconstrained build operations Thread 56" [_thread_blocked, id=27960, stack(0x0000008b5cd00000,0x0000008b5ce00000)]
  0x00000260f803e3d0 JavaThread "Unconstrained build operations Thread 57" [_thread_blocked, id=40588, stack(0x0000008b5ce00000,0x0000008b5cf00000)]
  0x00000260f803d560 JavaThread "Unconstrained build operations Thread 58" [_thread_blocked, id=7680, stack(0x0000008b5cf00000,0x0000008b5d000000)]
  0x00000260f803f240 JavaThread "Unconstrained build operations Thread 59" [_thread_blocked, id=37904, stack(0x0000008b5d000000,0x0000008b5d100000)]
  0x00000260f803cbc0 JavaThread "Unconstrained build operations Thread 60" [_thread_blocked, id=36540, stack(0x0000008b5d100000,0x0000008b5d200000)]
  0x00000260f803e8a0 JavaThread "Unconstrained build operations Thread 61" [_thread_blocked, id=37836, stack(0x0000008b5d200000,0x0000008b5d300000)]
  0x00000260f803c6f0 JavaThread "Unconstrained build operations Thread 62" [_thread_blocked, id=9412, stack(0x0000008b5d300000,0x0000008b5d400000)]
  0x00000260f803f710 JavaThread "Unconstrained build operations Thread 63" [_thread_blocked, id=14120, stack(0x0000008b5d400000,0x0000008b5d500000)]
  0x00000260f803c220 JavaThread "Unconstrained build operations Thread 64" [_thread_blocked, id=27444, stack(0x0000008b5d500000,0x0000008b5d600000)]
  0x00000260f80400b0 JavaThread "Unconstrained build operations Thread 65" [_thread_blocked, id=43864, stack(0x0000008b5d600000,0x0000008b5d700000)]
  0x00000260f80418c0 JavaThread "Unconstrained build operations Thread 66" [_thread_blocked, id=27896, stack(0x0000008b5d700000,0x0000008b5d800000)]
  0x00000260f80430d0 JavaThread "Unconstrained build operations Thread 67" [_thread_blocked, id=46940, stack(0x0000008b5d800000,0x0000008b5d900000)]
  0x00000260f8040580 JavaThread "Unconstrained build operations Thread 68" [_thread_blocked, id=32312, stack(0x0000008b5d900000,0x0000008b5da00000)]
  0x00000260f8043a70 JavaThread "Unconstrained build operations Thread 69" [_thread_blocked, id=36224, stack(0x0000008b5da00000,0x0000008b5db00000)]
  0x00000260f8040a50 JavaThread "Unconstrained build operations Thread 70" [_thread_blocked, id=47472, stack(0x0000008b5db00000,0x0000008b5dc00000)]
  0x00000260f8040f20 JavaThread "Unconstrained build operations Thread 71" [_thread_blocked, id=47476, stack(0x0000008b5dc00000,0x0000008b5dd00000)]
  0x00000260f8042730 JavaThread "Unconstrained build operations Thread 72" [_thread_blocked, id=38524, stack(0x0000008b5dd00000,0x0000008b5de00000)]
  0x00000260f80413f0 JavaThread "Unconstrained build operations Thread 73" [_thread_blocked, id=47464, stack(0x0000008b5de00000,0x0000008b5df00000)]
  0x00000260f8041d90 JavaThread "Unconstrained build operations Thread 74" [_thread_blocked, id=38080, stack(0x0000008b5e500000,0x0000008b5e600000)]
  0x00000260f80435a0 JavaThread "Unconstrained build operations Thread 75" [_thread_blocked, id=24964, stack(0x0000008b5e600000,0x0000008b5e700000)]
  0x00000260f8042260 JavaThread "Unconstrained build operations Thread 76" [_thread_blocked, id=13248, stack(0x0000008b5e700000,0x0000008b5e800000)]
  0x00000260f8042c00 JavaThread "Unconstrained build operations Thread 77" [_thread_blocked, id=39556, stack(0x0000008b5e800000,0x0000008b5e900000)]
  0x0000026080d57f40 JavaThread "Unconstrained build operations Thread 78" [_thread_blocked, id=8204, stack(0x0000008b5e900000,0x0000008b5ea00000)]
  0x0000026080d57a70 JavaThread "Unconstrained build operations Thread 79" [_thread_blocked, id=33748, stack(0x0000008b5ea00000,0x0000008b5eb00000)]
  0x0000026080d59280 JavaThread "Unconstrained build operations Thread 80" [_thread_blocked, id=11924, stack(0x0000008b5eb00000,0x0000008b5ec00000)]
  0x0000026080d56c00 JavaThread "Unconstrained build operations Thread 81" [_thread_blocked, id=46932, stack(0x0000008b5ec00000,0x0000008b5ed00000)]
  0x0000026080d588e0 JavaThread "Unconstrained build operations Thread 82" [_thread_blocked, id=33052, stack(0x0000008b5ed00000,0x0000008b5ee00000)]
  0x0000026080d58410 JavaThread "Unconstrained build operations Thread 83" [_thread_blocked, id=31724, stack(0x0000008b5ee00000,0x0000008b5ef00000)]
  0x0000026080d56730 JavaThread "Unconstrained build operations Thread 84" [_thread_blocked, id=47408, stack(0x0000008b5ef00000,0x0000008b5f000000)]
  0x0000026080d56260 JavaThread "Unconstrained build operations Thread 85" [_thread_blocked, id=31588, stack(0x0000008b5f000000,0x0000008b5f100000)]
  0x0000026080d55d90 JavaThread "Unconstrained build operations Thread 86" [_thread_blocked, id=25488, stack(0x0000008b5f100000,0x0000008b5f200000)]
  0x0000026080d58db0 JavaThread "Unconstrained build operations Thread 87" [_thread_blocked, id=39376, stack(0x0000008b5f200000,0x0000008b5f300000)]
  0x0000026080d558c0 JavaThread "Unconstrained build operations Thread 88" [_thread_blocked, id=41496, stack(0x0000008b5f300000,0x0000008b5f400000)]
  0x0000026080d59750 JavaThread "Unconstrained build operations Thread 89" [_thread_blocked, id=45908, stack(0x0000008b5f400000,0x0000008b5f500000)]
  0x0000026080d59c20 JavaThread "Unconstrained build operations Thread 90" [_thread_blocked, id=24916, stack(0x0000008b5f500000,0x0000008b5f600000)]
  0x0000026080d5a0f0 JavaThread "Unconstrained build operations Thread 91" [_thread_blocked, id=44840, stack(0x0000008b5f600000,0x0000008b5f700000)]
  0x0000026080d5a5c0 JavaThread "Unconstrained build operations Thread 92" [_thread_blocked, id=34744, stack(0x0000008b5f700000,0x0000008b5f800000)]
  0x0000026080d5aa90 JavaThread "Unconstrained build operations Thread 93" [_thread_blocked, id=41636, stack(0x0000008b5f800000,0x0000008b5f900000)]
  0x0000026080d570d0 JavaThread "Unconstrained build operations Thread 94" [_thread_blocked, id=12548, stack(0x0000008b5f900000,0x0000008b5fa00000)]
  0x0000026080d575a0 JavaThread "Unconstrained build operations Thread 95" [_thread_blocked, id=44552, stack(0x0000008b5fa00000,0x0000008b5fb00000)]
  0x0000026080d5af60 JavaThread "Unconstrained build operations Thread 96" [_thread_blocked, id=41424, stack(0x0000008b5fb00000,0x0000008b5fc00000)]
  0x0000026080d5b430 JavaThread "Unconstrained build operations Thread 97" [_thread_blocked, id=39224, stack(0x0000008b5fc00000,0x0000008b5fd00000)]
  0x0000026080d5b900 JavaThread "Unconstrained build operations Thread 98" [_thread_blocked, id=48004, stack(0x0000008b5fd00000,0x0000008b5fe00000)]
  0x0000026080d5c2a0 JavaThread "Unconstrained build operations Thread 99" [_thread_blocked, id=36476, stack(0x0000008b5fe00000,0x0000008b5ff00000)]
  0x0000026080d5bdd0 JavaThread "Unconstrained build operations Thread 100" [_thread_blocked, id=47156, stack(0x0000008b5ff00000,0x0000008b60000000)]
  0x0000026080d5c770 JavaThread "Unconstrained build operations Thread 101" [_thread_blocked, id=32744, stack(0x0000008b60100000,0x0000008b60200000)]
  0x0000026080d5cc40 JavaThread "Unconstrained build operations Thread 102" [_thread_blocked, id=42380, stack(0x0000008b60200000,0x0000008b60300000)]
  0x0000026080d5d110 JavaThread "Unconstrained build operations Thread 103" [_thread_blocked, id=41832, stack(0x0000008b60300000,0x0000008b60400000)]
  0x0000026082338990 JavaThread "Unconstrained build operations Thread 104" [_thread_blocked, id=44388, stack(0x0000008b60400000,0x0000008b60500000)]
  0x000002608233a670 JavaThread "Unconstrained build operations Thread 105" [_thread_blocked, id=42048, stack(0x0000008b60500000,0x0000008b60600000)]
  0x000002608233ab40 JavaThread "Unconstrained build operations Thread 106" [_thread_blocked, id=38032, stack(0x0000008b60600000,0x0000008b60700000)]
  0x0000026082337ff0 JavaThread "Unconstrained build operations Thread 107" [_thread_blocked, id=32088, stack(0x0000008b60700000,0x0000008b60800000)]
  0x000002608233b010 JavaThread "Unconstrained build operations Thread 108" [_thread_blocked, id=41104, stack(0x0000008b60800000,0x0000008b60900000)]
  0x00000260823384c0 JavaThread "Unconstrained build operations Thread 109" [_thread_blocked, id=47128, stack(0x0000008b60900000,0x0000008b60a00000)]
  0x0000026082338e60 JavaThread "Unconstrained build operations Thread 110" [_thread_blocked, id=43460, stack(0x0000008b60a00000,0x0000008b60b00000)]
  0x0000026082337650 JavaThread "Unconstrained build operations Thread 111" [_thread_blocked, id=44300, stack(0x0000008b60b00000,0x0000008b60c00000)]
  0x000002608233b4e0 JavaThread "Unconstrained build operations Thread 112" [_thread_blocked, id=6436, stack(0x0000008b60c00000,0x0000008b60d00000)]
  0x0000026082339800 JavaThread "Unconstrained build operations Thread 113" [_thread_blocked, id=32464, stack(0x0000008b60d00000,0x0000008b60e00000)]
  0x0000026082337b20 JavaThread "Unconstrained build operations Thread 114" [_thread_blocked, id=39052, stack(0x0000008b60e00000,0x0000008b60f00000)]
  0x000002608233c820 JavaThread "Unconstrained build operations Thread 115" [_thread_blocked, id=14616, stack(0x0000008b60f00000,0x0000008b61000000)]
  0x000002608233b9b0 JavaThread "Unconstrained build operations Thread 116" [_thread_blocked, id=46092, stack(0x0000008b61000000,0x0000008b61100000)]
  0x000002608233c350 JavaThread "Unconstrained build operations Thread 117" [_thread_blocked, id=45256, stack(0x0000008b61100000,0x0000008b61200000)]
  0x0000026082339cd0 JavaThread "Unconstrained build operations Thread 118" [_thread_blocked, id=33968, stack(0x0000008b61400000,0x0000008b61500000)]
  0x000002608233be80 JavaThread "Unconstrained build operations Thread 119" [_thread_blocked, id=6520, stack(0x0000008b61500000,0x0000008b61600000)]
  0x0000026082339330 JavaThread "Unconstrained build operations Thread 120" [_thread_blocked, id=38836, stack(0x0000008b61600000,0x0000008b61700000)]
  0x000002608233ccf0 JavaThread "Unconstrained build operations Thread 121" [_thread_blocked, id=18724, stack(0x0000008b61700000,0x0000008b61800000)]
  0x000002608233d1c0 JavaThread "Unconstrained build operations Thread 122" [_thread_blocked, id=16500, stack(0x0000008b61800000,0x0000008b61900000)]
  0x000002608233d690 JavaThread "Unconstrained build operations Thread 123" [_thread_blocked, id=37260, stack(0x0000008b61900000,0x0000008b61a00000)]
  0x000002608233db60 JavaThread "Unconstrained build operations Thread 124" [_thread_blocked, id=6600, stack(0x0000008b61a00000,0x0000008b61b00000)]
  0x000002608233a1a0 JavaThread "Unconstrained build operations Thread 125" [_thread_blocked, id=27144, stack(0x0000008b61b00000,0x0000008b61c00000)]
  0x000002608233e030 JavaThread "Unconstrained build operations Thread 126" [_thread_blocked, id=27460, stack(0x0000008b61c00000,0x0000008b61d00000)]
  0x000002608233e500 JavaThread "Unconstrained build operations Thread 127" [_thread_blocked, id=10304, stack(0x0000008b61d00000,0x0000008b61e00000)]
  0x00000260809627a0 JavaThread "WorkerExecutor Queue" [_thread_blocked, id=43956, stack(0x0000008b62000000,0x0000008b62100000)]
  0x0000026080961e00 JavaThread "WorkerExecutor Queue Thread 2" [_thread_blocked, id=39112, stack(0x0000008b62100000,0x0000008b62200000)]
  0x0000026080961460 JavaThread "WorkerExecutor Queue Thread 3" [_thread_in_native, id=10956, stack(0x0000008b62200000,0x0000008b62300000)]
  0x000002608095fc50 JavaThread "WorkerExecutor Queue Thread 4" [_thread_blocked, id=14996, stack(0x0000008b62300000,0x0000008b62400000)]
  0x000002608095ede0 JavaThread "WorkerExecutor Queue Thread 5" [_thread_blocked, id=14148, stack(0x0000008b62400000,0x0000008b62500000)]
  0x000002608095f780 JavaThread "WorkerExecutor Queue Thread 6" [_thread_blocked, id=6648, stack(0x0000008b62500000,0x0000008b62600000)]
  0x0000026080962c70 JavaThread "WorkerExecutor Queue Thread 7" [_thread_blocked, id=36516, stack(0x0000008b62600000,0x0000008b62700000)]
  0x0000026080960120 JavaThread "Java2D Disposer" daemon [_thread_blocked, id=28704, stack(0x0000008b62700000,0x0000008b62800000)]
  0x0000026080963610 JavaThread "WorkerExecutor Queue Thread 8" [_thread_blocked, id=27540, stack(0x0000008b62c00000,0x0000008b62d00000)]
  0x0000026080963ae0 JavaThread "WorkerExecutor Queue Thread 9" [_thread_blocked, id=24224, stack(0x0000008b62d00000,0x0000008b62e00000)]
  0x0000026080963fb0 JavaThread "WorkerExecutor Queue Thread 10" [_thread_blocked, id=42808, stack(0x0000008b62e00000,0x0000008b62f00000)]
  0x0000026080964480 JavaThread "WorkerExecutor Queue Thread 11" [_thread_blocked, id=37188, stack(0x0000008b62f00000,0x0000008b63000000)]
  0x0000026080960ac0 JavaThread "WorkerExecutor Queue Thread 12" [_thread_blocked, id=32100, stack(0x0000008b63000000,0x0000008b63100000)]
  0x0000026080964950 JavaThread "WorkerExecutor Queue Thread 13" [_thread_blocked, id=36420, stack(0x0000008b63100000,0x0000008b63200000)]
  0x0000026080966160 JavaThread "WorkerExecutor Queue Thread 14" [_thread_blocked, id=26752, stack(0x0000008b63200000,0x0000008b63300000)]
  0x0000026080966630 JavaThread "WorkerExecutor Queue Thread 15" [_thread_blocked, id=27816, stack(0x0000008b63300000,0x0000008b63400000)]
  0x0000026080965c90 JavaThread "WorkerExecutor Queue Thread 16" [_thread_blocked, id=14404, stack(0x0000008b63400000,0x0000008b63500000)]
  0x0000026080964e20 JavaThread "WorkerExecutor Queue Thread 17" [_thread_blocked, id=32736, stack(0x0000008b63500000,0x0000008b63600000)]
  0x00000260809652f0 JavaThread "WorkerExecutor Queue Thread 18" [_thread_blocked, id=2092, stack(0x0000008b63600000,0x0000008b63700000)]
  0x00000260fb1a7ee0 JavaThread "WorkerExecutor Queue Thread 20" [_thread_blocked, id=42904, stack(0x0000008b63800000,0x0000008b63900000)]
  0x00000260fb1a96f0 JavaThread "WorkerExecutor Queue Thread 21" [_thread_blocked, id=38500, stack(0x0000008b63900000,0x0000008b63a00000)]
  0x00000260fb1a8d50 JavaThread "WorkerExecutor Queue Thread 22" [_thread_blocked, id=39076, stack(0x0000008b63a00000,0x0000008b63b00000)]
  0x00000260fb1aaf00 JavaThread "WorkerExecutor Queue Thread 23" [_thread_blocked, id=35076, stack(0x0000008b63b00000,0x0000008b63c00000)]
  0x00000260fb1a9220 JavaThread "WorkerExecutor Queue Thread 24" [_thread_blocked, id=2936, stack(0x0000008b63c00000,0x0000008b63d00000)]
  0x00000260fb1aaa30 JavaThread "WorkerExecutor Queue Thread 25" [_thread_blocked, id=47052, stack(0x0000008b63d00000,0x0000008b63e00000)]
  0x00000260fb1ab3d0 JavaThread "WorkerExecutor Queue Thread 26" [_thread_blocked, id=45160, stack(0x0000008b63e00000,0x0000008b63f00000)]
  0x00000260fb1ab8a0 JavaThread "WorkerExecutor Queue Thread 27" [_thread_blocked, id=19204, stack(0x0000008b63f00000,0x0000008b64000000)]
  0x00000260fb1a9bc0 JavaThread "WorkerExecutor Queue Thread 28" [_thread_blocked, id=36688, stack(0x0000008b64000000,0x0000008b64100000)]
  0x00000260fb1abd70 JavaThread "Unconstrained build operations Thread 128" [_thread_blocked, id=43420, stack(0x0000008b64400000,0x0000008b64500000)]
  0x00000260fb1acbe0 JavaThread "pool-3-thread-1" [_thread_blocked, id=26460, stack(0x0000008b64500000,0x0000008b64600000)]
  0x00000260fb1ad580 JavaThread "stderr" [_thread_in_native, id=47068, stack(0x0000008b64600000,0x0000008b64700000)]
  0x00000260fb1aa090 JavaThread "stderr" [_thread_in_native, id=40128, stack(0x0000008b64700000,0x0000008b64800000)]
  0x00000260fb1af260 JavaThread "stdout" [_thread_in_native, id=39276, stack(0x0000008b64800000,0x0000008b64900000)]
  0x00000260fb1b18e0 JavaThread "stdout" [_thread_in_native, id=26680, stack(0x0000008b64900000,0x0000008b64a00000)]
  0x00000260fb1aed90 JavaThread "stderr" [_thread_in_native, id=6496, stack(0x0000008b64a00000,0x0000008b64b00000)]
  0x00000260fb1b0a70 JavaThread "stdout" [_thread_in_native, id=26672, stack(0x0000008b64b00000,0x0000008b64c00000)]
  0x00000260fb1ae3f0 JavaThread "stderr" [_thread_in_native, id=46136, stack(0x0000008b64c00000,0x0000008b64d00000)]
  0x00000260fb1afc00 JavaThread "stdout" [_thread_in_native, id=45232, stack(0x0000008b64d00000,0x0000008b64e00000)]
  0x00000260fb1b0f40 JavaThread "stderr" [_thread_in_native, id=17688, stack(0x0000008b64e00000,0x0000008b64f00000)]
  0x00000260fb1adf20 JavaThread "stdout" [_thread_in_native, id=42304, stack(0x0000008b64f00000,0x0000008b65000000)]
  0x00000260fb1b00d0 JavaThread "stderr" [_thread_in_native, id=42344, stack(0x0000008b65000000,0x0000008b65100000)]
  0x00000260fb1b1410 JavaThread "stdout" [_thread_in_native, id=36288, stack(0x0000008b65100000,0x0000008b65200000)]
  0x00000260fb1b1db0 JavaThread "Unconstrained build operations Thread 129" [_thread_blocked, id=24532, stack(0x0000008b65200000,0x0000008b65300000)]
  0x00000260fb1aa560 JavaThread "Unconstrained build operations Thread 130" [_thread_blocked, id=11416, stack(0x0000008b65300000,0x0000008b65400000)]
  0x00000260fb1af730 JavaThread "Unconstrained build operations Thread 131" [_thread_blocked, id=41120, stack(0x0000008b65400000,0x0000008b65500000)]
  0x00000260fb1ae8c0 JavaThread "Unconstrained build operations Thread 132" [_thread_blocked, id=34208, stack(0x0000008b65500000,0x0000008b65600000)]
  0x00000260fb1b2750 JavaThread "Unconstrained build operations Thread 133" [_thread_blocked, id=44160, stack(0x0000008b65600000,0x0000008b65700000)]
  0x00000260fb1b2c20 JavaThread "Unconstrained build operations Thread 134" [_thread_blocked, id=46060, stack(0x0000008b65700000,0x0000008b65800000)]
  0x00000260fb1b05a0 JavaThread "Unconstrained build operations Thread 135" [_thread_blocked, id=39812, stack(0x0000008b65800000,0x0000008b65900000)]
  0x00000260fb1b5770 JavaThread "Unconstrained build operations Thread 136" [_thread_blocked, id=3628, stack(0x0000008b65900000,0x0000008b65a00000)]
  0x00000260fb1b30f0 JavaThread "Unconstrained build operations Thread 137" [_thread_blocked, id=27336, stack(0x0000008b65a00000,0x0000008b65b00000)]
  0x00000260fb1b65e0 JavaThread "Unconstrained build operations Thread 138" [_thread_blocked, id=5476, stack(0x0000008b65b00000,0x0000008b65c00000)]
  0x00000260fb1b3a90 JavaThread "Unconstrained build operations Thread 139" [_thread_blocked, id=41052, stack(0x0000008b65c00000,0x0000008b65d00000)]
  0x00000260fb1b3f60 JavaThread "Unconstrained build operations Thread 140" [_thread_blocked, id=24652, stack(0x0000008b65d00000,0x0000008b65e00000)]
  0x00000260fb1b5c40 JavaThread "Unconstrained build operations Thread 141" [_thread_blocked, id=5764, stack(0x0000008b65e00000,0x0000008b65f00000)]
  0x00000260fb1b6ab0 JavaThread "Unconstrained build operations Thread 142" [_thread_blocked, id=47984, stack(0x0000008b65f00000,0x0000008b66000000)]
  0x00000260fb1b4430 JavaThread "Unconstrained build operations Thread 143" [_thread_blocked, id=47980, stack(0x0000008b66000000,0x0000008b66100000)]
  0x00000260fb1b6110 JavaThread "Unconstrained build operations Thread 144" [_thread_blocked, id=28612, stack(0x0000008b66100000,0x0000008b66200000)]
  0x00000260fb1b35c0 JavaThread "Unconstrained build operations Thread 145" [_thread_blocked, id=31892, stack(0x0000008b66200000,0x0000008b66300000)]
  0x00000260fb1b6f80 JavaThread "Unconstrained build operations Thread 146" [_thread_blocked, id=3988, stack(0x0000008b66300000,0x0000008b66400000)]
  0x00000260fb1b4dd0 JavaThread "Unconstrained build operations Thread 147" [_thread_blocked, id=39168, stack(0x0000008b66400000,0x0000008b66500000)]
  0x00000260fb1b4900 JavaThread "Unconstrained build operations Thread 148" [_thread_blocked, id=39192, stack(0x0000008b66500000,0x0000008b66600000)]
  0x00000260fb1b52a0 JavaThread "Unconstrained build operations Thread 149" [_thread_blocked, id=18784, stack(0x0000008b66600000,0x0000008b66700000)]
  0x00000260fb1b7450 JavaThread "Unconstrained build operations Thread 150" [_thread_blocked, id=14376, stack(0x0000008b66700000,0x0000008b66800000)]
  0x00000260fb1b7920 JavaThread "Unconstrained build operations Thread 151" [_thread_blocked, id=46816, stack(0x0000008b66800000,0x0000008b66900000)]
  0x000002608095f2b0 JavaThread "Unconstrained build operations Thread 152" [_thread_blocked, id=41280, stack(0x0000008b66900000,0x0000008b66a00000)]
  0x0000026080960f90 JavaThread "Unconstrained build operations Thread 153" [_thread_blocked, id=27484, stack(0x0000008b66a00000,0x0000008b66b00000)]
  0x0000026080961930 JavaThread "Unconstrained build operations Thread 154" [_thread_blocked, id=31220, stack(0x0000008b66b00000,0x0000008b66c00000)]
  0x0000026080c77210 JavaThread "Unconstrained build operations Thread 155" [_thread_blocked, id=32664, stack(0x0000008b66c00000,0x0000008b66d00000)]
  0x0000026080c76870 JavaThread "Unconstrained build operations Thread 156" [_thread_blocked, id=40604, stack(0x0000008b66d00000,0x0000008b66e00000)]
  0x0000026080c78080 JavaThread "Unconstrained build operations Thread 157" [_thread_blocked, id=47588, stack(0x0000008b66e00000,0x0000008b66f00000)]
  0x0000026080c75060 JavaThread "Unconstrained build operations Thread 158" [_thread_blocked, id=44488, stack(0x0000008b66f00000,0x0000008b67000000)]
  0x0000026080c763a0 JavaThread "Unconstrained build operations Thread 159" [_thread_blocked, id=39952, stack(0x0000008b67000000,0x0000008b67100000)]
  0x0000026080c75530 JavaThread "Unconstrained build operations Thread 160" [_thread_blocked, id=648, stack(0x0000008b67100000,0x0000008b67200000)]
  0x0000026080c78a20 JavaThread "Unconstrained build operations Thread 161" [_thread_blocked, id=4320, stack(0x0000008b67200000,0x0000008b67300000)]
  0x0000026080c776e0 JavaThread "Unconstrained build operations Thread 162" [_thread_blocked, id=47508, stack(0x0000008b67300000,0x0000008b67400000)]
  0x0000026080c75ed0 JavaThread "Unconstrained build operations Thread 163" [_thread_blocked, id=47976, stack(0x0000008b67400000,0x0000008b67500000)]
  0x0000026080c78ef0 JavaThread "Unconstrained build operations Thread 164" [_thread_blocked, id=33820, stack(0x0000008b67500000,0x0000008b67600000)]
  0x0000026080c76d40 JavaThread "Unconstrained build operations Thread 165" [_thread_blocked, id=25592, stack(0x0000008b67600000,0x0000008b67700000)]
  0x0000026080c78550 JavaThread "Unconstrained build operations Thread 166" [_thread_blocked, id=26744, stack(0x0000008b67700000,0x0000008b67800000)]
  0x0000026080c793c0 JavaThread "Unconstrained build operations Thread 167" [_thread_blocked, id=43488, stack(0x0000008b67800000,0x0000008b67900000)]
  0x0000026080c77bb0 JavaThread "Unconstrained build operations Thread 168" [_thread_blocked, id=15164, stack(0x0000008b67900000,0x0000008b67a00000)]
  0x0000026080c75a00 JavaThread "Unconstrained build operations Thread 169" [_thread_blocked, id=47780, stack(0x0000008b67a00000,0x0000008b67b00000)]
  0x0000026080c7cd80 JavaThread "Unconstrained build operations Thread 170" [_thread_blocked, id=41728, stack(0x0000008b67b00000,0x0000008b67c00000)]
  0x0000026080c7abd0 JavaThread "Unconstrained build operations Thread 171" [_thread_blocked, id=27576, stack(0x0000008b67c00000,0x0000008b67d00000)]
  0x0000026080c79890 JavaThread "Unconstrained build operations Thread 172" [_thread_blocked, id=43724, stack(0x0000008b67d00000,0x0000008b67e00000)]
  0x0000026080c7d250 JavaThread "Unconstrained build operations Thread 173" [_thread_blocked, id=46684, stack(0x0000008b67e00000,0x0000008b67f00000)]
  0x0000026080c7a230 JavaThread "Unconstrained build operations Thread 174" [_thread_blocked, id=34680, stack(0x0000008b67f00000,0x0000008b68000000)]
  0x0000026080c79d60 JavaThread "Unconstrained build operations Thread 175" [_thread_blocked, id=47788, stack(0x0000008b68000000,0x0000008b68100000)]
  0x0000026080c7c8b0 JavaThread "Unconstrained build operations Thread 176" [_thread_blocked, id=47792, stack(0x0000008b68100000,0x0000008b68200000)]
  0x0000026080c7a700 JavaThread "Unconstrained build operations Thread 177" [_thread_blocked, id=47800, stack(0x0000008b68200000,0x0000008b68300000)]
  0x0000026080c7b570 JavaThread "Unconstrained build operations Thread 178" [_thread_blocked, id=47796, stack(0x0000008b68300000,0x0000008b68400000)]
  0x0000026080c7d720 JavaThread "Unconstrained build operations Thread 179" [_thread_blocked, id=42000, stack(0x0000008b68400000,0x0000008b68500000)]
  0x0000026080c7dbf0 JavaThread "Unconstrained build operations Thread 180" [_thread_blocked, id=30616, stack(0x0000008b68500000,0x0000008b68600000)]
  0x0000026080c7e0c0 JavaThread "Unconstrained build operations Thread 181" [_thread_blocked, id=47656, stack(0x0000008b68600000,0x0000008b68700000)]
  0x0000026080c7ea60 JavaThread "Unconstrained build operations Thread 182" [_thread_blocked, id=36372, stack(0x0000008b68700000,0x0000008b68800000)]
  0x0000026080c7e590 JavaThread "Unconstrained build operations Thread 183" [_thread_blocked, id=47652, stack(0x0000008b68800000,0x0000008b68900000)]
  0x0000026080c7f8d0 JavaThread "Unconstrained build operations Thread 184" [_thread_blocked, id=34400, stack(0x0000008b62800000,0x0000008b62900000)]
  0x0000026080c7bf10 JavaThread "Unconstrained build operations Thread 185" [_thread_blocked, id=40928, stack(0x0000008b68900000,0x0000008b68a00000)]
  0x0000026080c7fda0 JavaThread "Unconstrained build operations Thread 186" [_thread_blocked, id=5352, stack(0x0000008b68a00000,0x0000008b68b00000)]
  0x0000026080c7c3e0 JavaThread "Unconstrained build operations Thread 187" [_thread_blocked, id=27756, stack(0x0000008b68b00000,0x0000008b68c00000)]
  0x0000026080c80270 JavaThread "Unconstrained build operations Thread 188" [_thread_blocked, id=37676, stack(0x0000008b68c00000,0x0000008b68d00000)]
  0x0000026080c83760 JavaThread "Unconstrained build operations Thread 189" [_thread_blocked, id=42148, stack(0x0000008b68d00000,0x0000008b68e00000)]
  0x0000026080c83290 JavaThread "Unconstrained build operations Thread 190" [_thread_blocked, id=44992, stack(0x0000008b68e00000,0x0000008b68f00000)]
  0x0000026080c81a80 JavaThread "Unconstrained build operations Thread 191" [_thread_blocked, id=34912, stack(0x0000008b68f00000,0x0000008b69000000)]
  0x0000026080c81f50 JavaThread "Unconstrained build operations Thread 192" [_thread_blocked, id=1552, stack(0x0000008b69000000,0x0000008b69100000)]
  0x0000026080c83c30 JavaThread "Unconstrained build operations Thread 193" [_thread_blocked, id=39976, stack(0x0000008b69100000,0x0000008b69200000)]
  0x0000026080c82420 JavaThread "Unconstrained build operations Thread 194" [_thread_blocked, id=31124, stack(0x0000008b69200000,0x0000008b69300000)]
  0x0000026080c828f0 JavaThread "Unconstrained build operations Thread 195" [_thread_blocked, id=36324, stack(0x0000008b69300000,0x0000008b69400000)]
  0x0000026080c82dc0 JavaThread "Unconstrained build operations Thread 196" [_thread_blocked, id=47448, stack(0x0000008b69400000,0x0000008b69500000)]
  0x0000026080c84100 JavaThread "Unconstrained build operations Thread 197" [_thread_blocked, id=48072, stack(0x0000008b69500000,0x0000008b69600000)]
  0x0000026080c810e0 JavaThread "Unconstrained build operations Thread 198" [_thread_blocked, id=40872, stack(0x0000008b69600000,0x0000008b69700000)]
  0x0000026080c815b0 JavaThread "Unconstrained build operations Thread 199" [_thread_blocked, id=40988, stack(0x0000008b69700000,0x0000008b69800000)]
  0x0000026080c80740 JavaThread "Unconstrained build operations Thread 200" [_thread_blocked, id=3252, stack(0x0000008b69900000,0x0000008b69a00000)]
  0x0000026080c845d0 JavaThread "Unconstrained build operations Thread 201" [_thread_blocked, id=2728, stack(0x0000008b69a00000,0x0000008b69b00000)]
  0x0000026080c80c10 JavaThread "Unconstrained build operations Thread 202" [_thread_blocked, id=44248, stack(0x0000008b69b00000,0x0000008b69c00000)]
  0x0000026080c84aa0 JavaThread "Unconstrained build operations Thread 203" [_thread_blocked, id=26812, stack(0x0000008b69c00000,0x0000008b69d00000)]
  0x00000260fd91bdf0 JavaThread "Unconstrained build operations Thread 204" [_thread_blocked, id=30736, stack(0x0000008b69d00000,0x0000008b69e00000)]
  0x00000260fd91cc60 JavaThread "Unconstrained build operations Thread 205" [_thread_blocked, id=42928, stack(0x0000008b69e00000,0x0000008b69f00000)]
  0x00000260fd91c2c0 JavaThread "Unconstrained build operations Thread 206" [_thread_blocked, id=42628, stack(0x0000008b69f00000,0x0000008b6a000000)]
  0x00000260fd91c790 JavaThread "Unconstrained build operations Thread 207" [_thread_blocked, id=14064, stack(0x0000008b6a000000,0x0000008b6a100000)]
  0x00000260fd91b450 JavaThread "Unconstrained build operations Thread 208" [_thread_blocked, id=40016, stack(0x0000008b6a100000,0x0000008b6a200000)]
  0x00000260fd91b920 JavaThread "Unconstrained build operations Thread 209" [_thread_blocked, id=46296, stack(0x0000008b6a200000,0x0000008b6a300000)]
  0x00000260fd9192a0 JavaThread "Unconstrained build operations Thread 210" [_thread_blocked, id=40704, stack(0x0000008b6a300000,0x0000008b6a400000)]
  0x00000260fd91a5e0 JavaThread "Unconstrained build operations Thread 211" [_thread_blocked, id=44972, stack(0x0000008b6a400000,0x0000008b6a500000)]
  0x00000260fd91d130 JavaThread "Unconstrained build operations Thread 212" [_thread_blocked, id=7492, stack(0x0000008b6a500000,0x0000008b6a600000)]
  0x00000260fd91aab0 JavaThread "Unconstrained build operations Thread 213" [_thread_blocked, id=18412, stack(0x0000008b6a600000,0x0000008b6a700000)]
  0x00000260fd919770 JavaThread "Unconstrained build operations Thread 214" [_thread_blocked, id=13216, stack(0x0000008b6a700000,0x0000008b6a800000)]
  0x00000260fd91af80 JavaThread "Unconstrained build operations Thread 215" [_thread_blocked, id=34604, stack(0x0000008b6a800000,0x0000008b6a900000)]
  0x00000260fd919c40 JavaThread "Unconstrained build operations Thread 216" [_thread_blocked, id=44700, stack(0x0000008b6a900000,0x0000008b6aa00000)]
  0x00000260fd91d600 JavaThread "Unconstrained build operations Thread 217" [_thread_blocked, id=10672, stack(0x0000008b6aa00000,0x0000008b6ab00000)]
  0x00000260fd91a110 JavaThread "Unconstrained build operations Thread 218" [_thread_blocked, id=39828, stack(0x0000008b6ab00000,0x0000008b6ac00000)]
  0x00000260fd91dfa0 JavaThread "Unconstrained build operations Thread 219" [_thread_blocked, id=35384, stack(0x0000008b6ac00000,0x0000008b6ad00000)]
  0x00000260fd920fc0 JavaThread "Unconstrained build operations Thread 220" [_thread_blocked, id=16708, stack(0x0000008b6ad00000,0x0000008b6ae00000)]
  0x00000260fd920620 JavaThread "Unconstrained build operations Thread 221" [_thread_blocked, id=27416, stack(0x0000008b6ae00000,0x0000008b6af00000)]
  0x00000260fd91f2e0 JavaThread "Unconstrained build operations Thread 222" [_thread_blocked, id=36576, stack(0x0000008b6af00000,0x0000008b6b000000)]
  0x00000260fd91ee10 JavaThread "Unconstrained build operations Thread 223" [_thread_blocked, id=32036, stack(0x0000008b6b000000,0x0000008b6b100000)]
  0x00000260fd91e940 JavaThread "Unconstrained build operations Thread 224" [_thread_blocked, id=8468, stack(0x0000008b6b100000,0x0000008b6b200000)]
  0x00000260fd91f7b0 JavaThread "Unconstrained build operations Thread 225" [_thread_blocked, id=44924, stack(0x0000008b6b200000,0x0000008b6b300000)]
  0x00000260fd91e470 JavaThread "Unconstrained build operations Thread 226" [_thread_blocked, id=46344, stack(0x0000008b6b300000,0x0000008b6b400000)]
  0x00000260fd921490 JavaThread "Unconstrained build operations Thread 227" [_thread_blocked, id=37016, stack(0x0000008b6b400000,0x0000008b6b500000)]
  0x00000260fd920af0 JavaThread "Unconstrained build operations Thread 228" [_thread_blocked, id=34200, stack(0x0000008b6b500000,0x0000008b6b600000)]
  0x00000260fd91dad0 JavaThread "Unconstrained build operations Thread 229" [_thread_blocked, id=19024, stack(0x0000008b6b600000,0x0000008b6b700000)]
  0x00000260fd921960 JavaThread "Unconstrained build operations Thread 230" [_thread_blocked, id=33060, stack(0x0000008b6b700000,0x0000008b6b800000)]
  0x00000260fd921e30 JavaThread "Unconstrained build operations Thread 231" [_thread_blocked, id=30012, stack(0x0000008b6b800000,0x0000008b6b900000)]
  0x00000260fd922ca0 JavaThread "Unconstrained build operations Thread 232" [_thread_blocked, id=44912, stack(0x0000008b6b900000,0x0000008b6ba00000)]
  0x00000260fd923640 JavaThread "Unconstrained build operations Thread 233" [_thread_blocked, id=38412, stack(0x0000008b6ba00000,0x0000008b6bb00000)]
  0x00000260fd922300 JavaThread "Unconstrained build operations Thread 234" [_thread_blocked, id=45632, stack(0x0000008b6bb00000,0x0000008b6bc00000)]
  0x00000260fd923170 JavaThread "Unconstrained build operations Thread 235" [_thread_blocked, id=35804, stack(0x0000008b6bc00000,0x0000008b6bd00000)]
  0x00000260fd9227d0 JavaThread "Unconstrained build operations Thread 236" [_thread_blocked, id=47436, stack(0x0000008b6bd00000,0x0000008b6be00000)]
  0x00000260fd91fc80 JavaThread "Unconstrained build operations Thread 237" [_thread_blocked, id=40860, stack(0x0000008b6be00000,0x0000008b6bf00000)]
  0x00000260fd923b10 JavaThread "Unconstrained build operations Thread 238" [_thread_blocked, id=47680, stack(0x0000008b6bf00000,0x0000008b6c000000)]
  0x00000260fd920150 JavaThread "Unconstrained build operations Thread 239" [_thread_blocked, id=35920, stack(0x0000008b6c000000,0x0000008b6c100000)]
  0x00000260fd923fe0 JavaThread "Unconstrained build operations Thread 240" [_thread_blocked, id=41264, stack(0x0000008b6c100000,0x0000008b6c200000)]
  0x00000260fd924980 JavaThread "Unconstrained build operations Thread 241" [_thread_blocked, id=43444, stack(0x0000008b6c200000,0x0000008b6c300000)]
  0x00000260fd924e50 JavaThread "Unconstrained build operations Thread 242" [_thread_blocked, id=3580, stack(0x0000008b6c300000,0x0000008b6c400000)]
  0x00000260fd927000 JavaThread "Unconstrained build operations Thread 243" [_thread_blocked, id=40472, stack(0x0000008b6c400000,0x0000008b6c500000)]
  0x00000260fd925320 JavaThread "Unconstrained build operations Thread 244" [_thread_blocked, id=31352, stack(0x0000008b6c500000,0x0000008b6c600000)]
  0x00000260fd9257f0 JavaThread "Unconstrained build operations Thread 245" [_thread_blocked, id=26528, stack(0x0000008b6c600000,0x0000008b6c700000)]
  0x00000260fd926190 JavaThread "Unconstrained build operations Thread 246" [_thread_blocked, id=26492, stack(0x0000008b6c700000,0x0000008b6c800000)]
  0x00000260fd9274d0 JavaThread "Unconstrained build operations Thread 247" [_thread_blocked, id=37376, stack(0x0000008b6c800000,0x0000008b6c900000)]
  0x00000260fd9279a0 JavaThread "Unconstrained build operations Thread 248" [_thread_blocked, id=14440, stack(0x0000008b6c900000,0x0000008b6ca00000)]
  0x00000260fd926b30 JavaThread "Unconstrained build operations Thread 249" [_thread_blocked, id=40972, stack(0x0000008b6ca00000,0x0000008b6cb00000)]
  0x00000260fd925cc0 JavaThread "Unconstrained build operations Thread 250" [_thread_blocked, id=41744, stack(0x0000008b6cb00000,0x0000008b6cc00000)]
  0x00000260fd926660 JavaThread "Unconstrained build operations Thread 251" [_thread_blocked, id=37592, stack(0x0000008b6cc00000,0x0000008b6cd00000)]
  0x00000260fd927e70 JavaThread "Unconstrained build operations Thread 252" [_thread_blocked, id=37700, stack(0x0000008b6cd00000,0x0000008b6ce00000)]
  0x00000260fd9244b0 JavaThread "Unconstrained build operations Thread 253" [_thread_blocked, id=42580, stack(0x0000008b6ce00000,0x0000008b6cf00000)]
  0x00000260fd928340 JavaThread "Unconstrained build operations Thread 254" [_thread_blocked, id=44240, stack(0x0000008b6cf00000,0x0000008b6d000000)]
  0x00000260fd928810 JavaThread "Unconstrained build operations Thread 255" [_thread_blocked, id=44216, stack(0x0000008b6d000000,0x0000008b6d100000)]
  0x00000260fd928ce0 JavaThread "Unconstrained build operations Thread 256" [_thread_blocked, id=26684, stack(0x0000008b6d100000,0x0000008b6d200000)]
  0x00000260879d8580 JavaThread "Unconstrained build operations Thread 257" [_thread_blocked, id=21340, stack(0x0000008b6d200000,0x0000008b6d300000)]
  0x00000260879d5a30 JavaThread "Unconstrained build operations Thread 258" [_thread_blocked, id=43440, stack(0x0000008b6d300000,0x0000008b6d400000)]
  0x00000260879d8a50 JavaThread "Unconstrained build operations Thread 259" [_thread_blocked, id=47264, stack(0x0000008b6d400000,0x0000008b6d500000)]
  0x00000260879d5f00 JavaThread "Unconstrained build operations Thread 260" [_thread_blocked, id=36536, stack(0x0000008b6d500000,0x0000008b6d600000)]
  0x00000260879d5560 JavaThread "Unconstrained build operations Thread 261" [_thread_blocked, id=43244, stack(0x0000008b6d600000,0x0000008b6d700000)]
  0x00000260879d7240 JavaThread "Unconstrained build operations Thread 262" [_thread_blocked, id=36656, stack(0x0000008b6d700000,0x0000008b6d800000)]
  0x00000260879d68a0 JavaThread "Unconstrained build operations Thread 263" [_thread_blocked, id=15020, stack(0x0000008b6d800000,0x0000008b6d900000)]
  0x00000260879d7710 JavaThread "Unconstrained build operations Thread 264" [_thread_blocked, id=640, stack(0x0000008b6d900000,0x0000008b6da00000)]
  0x00000260879d6d70 JavaThread "Unconstrained build operations Thread 265" [_thread_blocked, id=19872, stack(0x0000008b6da00000,0x0000008b6db00000)]
  0x00000260879d63d0 JavaThread "Unconstrained build operations Thread 266" [_thread_blocked, id=40684, stack(0x0000008b6db00000,0x0000008b6dc00000)]
  0x00000260879d7be0 JavaThread "Unconstrained build operations Thread 267" [_thread_blocked, id=25456, stack(0x0000008b6dc00000,0x0000008b6dd00000)]
  0x00000260879d5090 JavaThread "Unconstrained build operations Thread 268" [_thread_blocked, id=47224, stack(0x0000008b6dd00000,0x0000008b6de00000)]
  0x00000260879dba70 JavaThread "Unconstrained build operations Thread 269" [_thread_blocked, id=43648, stack(0x0000008b6de00000,0x0000008b6df00000)]
  0x00000260879d98c0 JavaThread "Unconstrained build operations Thread 270" [_thread_blocked, id=42500, stack(0x0000008b6df00000,0x0000008b6e000000)]
  0x00000260879d93f0 JavaThread "Unconstrained build operations Thread 271" [_thread_blocked, id=6660, stack(0x0000008b6e000000,0x0000008b6e100000)]
  0x00000260879d8f20 JavaThread "Unconstrained build operations Thread 272" [_thread_blocked, id=42736, stack(0x0000008b6e100000,0x0000008b6e200000)]
  0x00000260879da260 JavaThread "Unconstrained build operations Thread 273" [_thread_blocked, id=43388, stack(0x0000008b6e200000,0x0000008b6e300000)]
  0x00000260879da730 JavaThread "Unconstrained build operations Thread 274" [_thread_blocked, id=47236, stack(0x0000008b6e300000,0x0000008b6e400000)]
  0x00000260879d9d90 JavaThread "Unconstrained build operations Thread 275" [_thread_blocked, id=45464, stack(0x0000008b6e400000,0x0000008b6e500000)]
  0x00000260879dac00 JavaThread "Unconstrained build operations Thread 276" [_thread_blocked, id=22192, stack(0x0000008b6e500000,0x0000008b6e600000)]
  0x00000260879dea90 JavaThread "Unconstrained build operations Thread 277" [_thread_blocked, id=47640, stack(0x0000008b6e600000,0x0000008b6e700000)]
  0x00000260879db5a0 JavaThread "Unconstrained build operations Thread 278" [_thread_blocked, id=47648, stack(0x0000008b6e700000,0x0000008b6e800000)]
  0x00000260879dd750 JavaThread "Unconstrained build operations Thread 279" [_thread_blocked, id=46864, stack(0x0000008b6e800000,0x0000008b6e900000)]
  0x00000260879dbf40 JavaThread "Unconstrained build operations Thread 280" [_thread_blocked, id=2740, stack(0x0000008b6e900000,0x0000008b6ea00000)]
  0x00000260879ddc20 JavaThread "Cache worker for Java compile cache (C:\Users\67670\.gradle\caches\8.4\javaCompile)" [_thread_blocked, id=43576, stack(0x0000008b6ec00000,0x0000008b6ed00000)]
  0x00000260879dc410 JavaThread "Build operations" [_thread_blocked, id=47184, stack(0x0000008b6ed00000,0x0000008b6ee00000)]
  0x00000260879db0d0 JavaThread "Build operations Thread 2" [_thread_blocked, id=13912, stack(0x0000008b6ee00000,0x0000008b6ef00000)]
  0x00000260879def60 JavaThread "Build operations Thread 3" [_thread_blocked, id=44108, stack(0x0000008b6ef00000,0x0000008b6f000000)]
  0x00000260879df430 JavaThread "Build operations Thread 4" [_thread_blocked, id=38444, stack(0x0000008b6f000000,0x0000008b6f100000)]
  0x00000260879de0f0 JavaThread "Build operations Thread 5" [_thread_blocked, id=36676, stack(0x0000008b6f100000,0x0000008b6f200000)]
  0x00000260879df900 JavaThread "Build operations Thread 6" [_thread_blocked, id=14280, stack(0x0000008b6f200000,0x0000008b6f300000)]
  0x00000260879dfdd0 JavaThread "Build operations Thread 7" [_thread_blocked, id=44828, stack(0x0000008b6f300000,0x0000008b6f400000)]
  0x00000260879e02a0 JavaThread "Build operations Thread 8" [_thread_blocked, id=38336, stack(0x0000008b6f400000,0x0000008b6f500000)]
  0x00000260879e0770 JavaThread "Build operations Thread 9" [_thread_blocked, id=29048, stack(0x0000008b6f500000,0x0000008b6f600000)]
  0x00000260879dcdb0 JavaThread "Build operations Thread 10" [_thread_blocked, id=13720, stack(0x0000008b6f600000,0x0000008b6f700000)]
  0x00000260879e1f80 JavaThread "Build operations Thread 11" [_thread_blocked, id=36176, stack(0x0000008b6f700000,0x0000008b6f800000)]
  0x00000260879e2450 JavaThread "Build operations Thread 12" [_thread_blocked, id=40580, stack(0x0000008b6f800000,0x0000008b6f900000)]
  0x00000260879e3c60 JavaThread "Build operations Thread 13" [_thread_blocked, id=39008, stack(0x0000008b6f900000,0x0000008b6fa00000)]
  0x00000260879e2920 JavaThread "Build operations Thread 14" [_thread_blocked, id=47312, stack(0x0000008b6fa00000,0x0000008b6fb00000)]
  0x00000260879e2df0 JavaThread "Build operations Thread 15" [_thread_blocked, id=47316, stack(0x0000008b6fb00000,0x0000008b6fc00000)]
  0x00000260879e3790 JavaThread "Build operations Thread 16" [_thread_blocked, id=29452, stack(0x0000008b6fc00000,0x0000008b6fd00000)]
  0x00000260879e0c40 JavaThread "Build operations Thread 17" [_thread_blocked, id=47320, stack(0x0000008b6fd00000,0x0000008b6fe00000)]
  0x00000260879e4130 JavaThread "Build operations Thread 18" [_thread_blocked, id=47340, stack(0x0000008b6fe00000,0x0000008b6ff00000)]
  0x00000260879e4ad0 JavaThread "Build operations Thread 19" [_thread_blocked, id=47324, stack(0x0000008b6ff00000,0x0000008b70000000)]
  0x00000260879e1ab0 JavaThread "Build operations Thread 20" [_thread_blocked, id=47328, stack(0x0000008b70000000,0x0000008b70100000)]
  0x00000260879e4600 JavaThread "Build operations Thread 21" [_thread_blocked, id=47336, stack(0x0000008b70100000,0x0000008b70200000)]
  0x00000260879e32c0 JavaThread "Build operations Thread 22" [_thread_blocked, id=47332, stack(0x0000008b70200000,0x0000008b70300000)]
  0x00000260879e1110 JavaThread "Build operations Thread 23" [_thread_blocked, id=47348, stack(0x0000008b70300000,0x0000008b70400000)]
  0x00000260879e15e0 JavaThread "Build operations Thread 24" [_thread_blocked, id=47308, stack(0x0000008b70400000,0x0000008b70500000)]
  0x0000026080c7f400 JavaThread "Build operations Thread 25" [_thread_blocked, id=47304, stack(0x0000008b70500000,0x0000008b70600000)]
  0x00000260837e9ff0 JavaThread "Build operations Thread 26" [_thread_blocked, id=47216, stack(0x0000008b70600000,0x0000008b70700000)]
  0x00000260837ec670 JavaThread "Build operations Thread 27" [_thread_blocked, id=13148, stack(0x0000008b70700000,0x0000008b70800000)]
  0x00000260837eb800 JavaThread "WorkerExecutor Queue Thread 29" [_thread_blocked, id=35612, stack(0x0000008b69800000,0x0000008b69900000)]

Other Threads:
=>0x00000260f70fc9f0 VMThread "VM Thread" [stack: 0x0000008b51c00000,0x0000008b51d00000] [id=47932]
  0x00000260f814bb90 WatcherThread [stack: 0x0000008b52c00000,0x0000008b52d00000] [id=47996]
  0x00000260ce71c620 GCTaskThread "GC Thread#0" [stack: 0x0000008b51700000,0x0000008b51800000] [id=47912]
  0x00000260f9fca7d0 GCTaskThread "GC Thread#1" [stack: 0x0000008b52e00000,0x0000008b52f00000] [id=48008]
  0x00000260f982e4c0 GCTaskThread "GC Thread#2" [stack: 0x0000008b52f00000,0x0000008b53000000] [id=48012]
  0x00000260f982e770 GCTaskThread "GC Thread#3" [stack: 0x0000008b53000000,0x0000008b53100000] [id=48016]
  0x00000260f8c4b020 GCTaskThread "GC Thread#4" [stack: 0x0000008b53100000,0x0000008b53200000] [id=48020]
  0x00000260f8c4b2d0 GCTaskThread "GC Thread#5" [stack: 0x0000008b53200000,0x0000008b53300000] [id=48024]
  0x00000260f8c4b580 GCTaskThread "GC Thread#6" [stack: 0x0000008b53300000,0x0000008b53400000] [id=48028]
  0x00000260f8c4b830 GCTaskThread "GC Thread#7" [stack: 0x0000008b53400000,0x0000008b53500000] [id=48032]
  0x00000260f8c4bae0 GCTaskThread "GC Thread#8" [stack: 0x0000008b53500000,0x0000008b53600000] [id=48036]
  0x00000260f9b035b0 GCTaskThread "GC Thread#9" [stack: 0x0000008b53600000,0x0000008b53700000] [id=48040]
  0x00000260f9b03860 GCTaskThread "GC Thread#10" [stack: 0x0000008b53700000,0x0000008b53800000] [id=48044]
  0x00000260f9b03b10 GCTaskThread "GC Thread#11" [stack: 0x0000008b53800000,0x0000008b53900000] [id=48048]
  0x00000260fb2fe600 GCTaskThread "GC Thread#12" [stack: 0x0000008b54300000,0x0000008b54400000] [id=48116]
  0x00000260fb2ff8d0 GCTaskThread "GC Thread#13" [stack: 0x0000008b54400000,0x0000008b54500000] [id=48120]
  0x00000260fb2ffb80 GCTaskThread "GC Thread#14" [stack: 0x0000008b54500000,0x0000008b54600000] [id=48124]
  0x00000260fb2feb60 GCTaskThread "GC Thread#15" [stack: 0x0000008b54600000,0x0000008b54700000] [id=39252]
  0x00000260fb2fee10 GCTaskThread "GC Thread#16" [stack: 0x0000008b54700000,0x0000008b54800000] [id=42180]
  0x00000260fb2ff620 GCTaskThread "GC Thread#17" [stack: 0x0000008b54800000,0x0000008b54900000] [id=34056]
  0x00000260fb2ffe30 GCTaskThread "GC Thread#18" [stack: 0x0000008b54900000,0x0000008b54a00000] [id=18896]
  0x00000260fb2fe8b0 GCTaskThread "GC Thread#19" [stack: 0x0000008b54a00000,0x0000008b54b00000] [id=47252]
  0x00000260ce6ae200 ConcurrentGCThread "G1 Main Marker" [stack: 0x0000008b51800000,0x0000008b51900000] [id=47916]
  0x00000260ce729b70 ConcurrentGCThread "G1 Conc#0" [stack: 0x0000008b51900000,0x0000008b51a00000] [id=47920]
  0x00000260fbcd6d80 ConcurrentGCThread "G1 Conc#1" [stack: 0x0000008b55000000,0x0000008b55100000] [id=47276]
  0x00000260fbcd7da0 ConcurrentGCThread "G1 Conc#2" [stack: 0x0000008b55100000,0x0000008b55200000] [id=43544]
  0x00000260fbcd4d40 ConcurrentGCThread "G1 Conc#3" [stack: 0x0000008b55200000,0x0000008b55300000] [id=33028]
  0x00000260fbcd7840 ConcurrentGCThread "G1 Conc#4" [stack: 0x0000008b55300000,0x0000008b55400000] [id=33392]
  0x00000260f7034da0 ConcurrentGCThread "G1 Refine#0" [stack: 0x0000008b51a00000,0x0000008b51b00000] [id=47924]
  0x00000260fd4444c0 ConcurrentGCThread "G1 Refine#1" [stack: 0x0000008b59500000,0x0000008b59600000] [id=34748]
  0x00000260fd442240 ConcurrentGCThread "G1 Refine#2" [stack: 0x0000008b59600000,0x0000008b59700000] [id=6516]
  0x00000260fd442ae0 ConcurrentGCThread "G1 Refine#3" [stack: 0x0000008b59700000,0x0000008b59800000] [id=47108]
  0x00000260fd67a180 ConcurrentGCThread "G1 Refine#4" [stack: 0x0000008b62900000,0x0000008b62a00000] [id=42184]
  0x00000260fab9cdc0 ConcurrentGCThread "G1 Refine#5" [stack: 0x0000008b62a00000,0x0000008b62b00000] [id=43936]
  0x00000260fab9c800 ConcurrentGCThread "G1 Refine#6" [stack: 0x0000008b62b00000,0x0000008b62c00000] [id=39824]
  0x00000260fab99f30 ConcurrentGCThread "G1 Refine#7" [stack: 0x0000008b64100000,0x0000008b64200000] [id=7640]
  0x00000260faa98510 ConcurrentGCThread "G1 Refine#8" [stack: 0x0000008b64200000,0x0000008b64300000] [id=24716]
  0x00000260fab9cae0 ConcurrentGCThread "G1 Refine#9" [stack: 0x0000008b64300000,0x0000008b64400000] [id=44876]
  0x00000260fab9c520 ConcurrentGCThread "G1 Refine#10" [stack: 0x0000008b72600000,0x0000008b72700000] [id=30056]
  0x0000026083d660a0 ConcurrentGCThread "G1 Refine#11" [stack: 0x0000008b72700000,0x0000008b72800000] [id=39180]
  0x00000260851a7e80 ConcurrentGCThread "G1 Refine#12" [stack: 0x0000008b72800000,0x0000008b72900000] [id=2056]
  0x0000026088f228c0 ConcurrentGCThread "G1 Refine#13" [stack: 0x0000008b72900000,0x0000008b72a00000] [id=27260]
  0x00000260faa99c10 ConcurrentGCThread "G1 Refine#14" [stack: 0x0000008b72a00000,0x0000008b72b00000] [id=48132]
  0x00000260856c3340 ConcurrentGCThread "G1 Refine#15" [stack: 0x0000008b72b00000,0x0000008b72c00000] [id=48136]
  0x00000260869abc30 ConcurrentGCThread "G1 Refine#16" [stack: 0x0000008b72c00000,0x0000008b72d00000] [id=48148]
  0x0000026082545670 ConcurrentGCThread "G1 Refine#17" [stack: 0x0000008b72d00000,0x0000008b72e00000] [id=48152]
  0x0000026088f21d40 ConcurrentGCThread "G1 Refine#18" [stack: 0x0000008b72e00000,0x0000008b72f00000] [id=48156]
  0x0000026081883bc0 ConcurrentGCThread "G1 Refine#19" [stack: 0x0000008b72f00000,0x0000008b73000000] [id=48160]
  0x00000260f7035570 ConcurrentGCThread "G1 Service" [stack: 0x0000008b51b00000,0x0000008b51c00000] [id=47928]

Threads with active compile tasks:

VM state: at safepoint (normal execution)

VM Mutex/Monitor currently owned by a thread:  ([mutex/lock_event])
[0x00000260ce689590] Threads_lock - owner thread: 0x00000260f70fc9f0
[0x00000260ce688d20] Heap_lock - owner thread: 0x00000260ce6ae200

Heap address: 0x0000000680000000, size: 6144 MB, Compressed Oops mode: Zero based, Oop shift amount: 3

CDS archive(s) mapped at: [0x0000000800000000-0x0000000800bc0000-0x0000000800bc0000), size 12320768, SharedBaseAddress: 0x0000000800000000, ArchiveRelocationMode: 0.
Compressed class space mapped at: 0x0000000800c00000-0x0000000834000000, reserved size: 859832320
Narrow klass base: 0x0000000800000000, Narrow klass shift: 0, Narrow klass range: 0x100000000

GC Precious Log:
 CPUs: 28 total, 28 available
 Memory: 32434M
 Large Page Support: Disabled
 NUMA Support: Disabled
 Compressed Oops: Enabled (Zero based)
 Heap Region Size: 4M
 Heap Min Capacity: 8M
 Heap Initial Capacity: 508M
 Heap Max Capacity: 6G
 Pre-touch: Disabled
 Parallel Workers: 20
 Concurrent Workers: 5
 Concurrent Refinement Workers: 20
 Periodic GC: Disabled

Heap:
 garbage-first heap   total 2965504K, used 2163310K [0x0000000680000000, 0x0000000800000000)
  region size 4096K, 91 young (372736K), 24 survivors (98304K)
 Metaspace       used 219893K, committed 221504K, reserved 1036288K
  class space    used 30859K, committed 31616K, reserved 839680K

Heap Regions: E=young(eden), S=young(survivor), O=old, HS=humongous(starts), HC=humongous(continues), CS=collection set, F=free, OA=open archive, CA=closed archive, TAMS=top-at-mark-start (previous, next)
|   0|0x0000000680000000, 0x0000000680400000, 0x0000000680400000|100%|HS|  |TAMS 0x0000000680400000, 0x0000000680000000| Complete 
|   1|0x0000000680400000, 0x0000000680800000, 0x0000000680800000|100%| O|  |TAMS 0x0000000680800000, 0x0000000680400000| Untracked 
|   2|0x0000000680800000, 0x0000000680c00000, 0x0000000680c00000|100%| O|  |TAMS 0x0000000680c00000, 0x0000000680800000| Updating 
|   3|0x0000000680c00000, 0x0000000681000000, 0x0000000681000000|100%| O|  |TAMS 0x0000000681000000, 0x0000000680c00000| Untracked 
|   4|0x0000000681000000, 0x0000000681400000, 0x0000000681400000|100%| O|  |TAMS 0x0000000681400000, 0x0000000681000000| Untracked 
|   5|0x0000000681400000, 0x0000000681800000, 0x0000000681800000|100%| O|  |TAMS 0x0000000681800000, 0x0000000681400000| Untracked 
|   6|0x0000000681800000, 0x0000000681c00000, 0x0000000681c00000|100%| O|  |TAMS 0x0000000681c00000, 0x0000000681800000| Updating 
|   7|0x0000000681c00000, 0x0000000682000000, 0x0000000682000000|100%| O|  |TAMS 0x0000000682000000, 0x0000000681c00000| Untracked 
|   8|0x0000000682000000, 0x0000000682400000, 0x0000000682400000|100%| O|  |TAMS 0x0000000682400000, 0x0000000682000000| Untracked 
|   9|0x0000000682400000, 0x0000000682800000, 0x0000000682800000|100%| O|  |TAMS 0x0000000682800000, 0x0000000682400000| Updating 
|  10|0x0000000682800000, 0x0000000682c00000, 0x0000000682c00000|100%| O|  |TAMS 0x0000000682c00000, 0x0000000682800000| Updating 
|  11|0x0000000682c00000, 0x0000000683000000, 0x0000000683000000|100%|HS|  |TAMS 0x0000000683000000, 0x0000000682c00000| Complete 
|  12|0x0000000683000000, 0x0000000683400000, 0x0000000683400000|100%| O|  |TAMS 0x0000000683400000, 0x0000000683000000| Untracked 
|  13|0x0000000683400000, 0x0000000683800000, 0x0000000683800000|100%| O|  |TAMS 0x0000000683800000, 0x0000000683400000| Untracked 
|  14|0x0000000683800000, 0x0000000683c00000, 0x0000000683c00000|100%| O|  |TAMS 0x0000000683c00000, 0x0000000683800000| Untracked 
|  15|0x0000000683c00000, 0x0000000684000000, 0x0000000684000000|100%| O|  |TAMS 0x0000000684000000, 0x0000000683c00000| Updating 
|  16|0x0000000684000000, 0x0000000684400000, 0x0000000684400000|100%| O|  |TAMS 0x0000000684400000, 0x0000000684000000| Untracked 
|  17|0x0000000684400000, 0x0000000684800000, 0x0000000684800000|100%| O|  |TAMS 0x0000000684800000, 0x0000000684400000| Untracked 
|  18|0x0000000684800000, 0x0000000684c00000, 0x0000000684c00000|100%| O|  |TAMS 0x0000000684c00000, 0x0000000684800000| Untracked 
|  19|0x0000000684c00000, 0x0000000685000000, 0x0000000685000000|100%| O|  |TAMS 0x0000000685000000, 0x0000000684c00000| Untracked 
|  20|0x0000000685000000, 0x0000000685400000, 0x0000000685400000|100%| O|  |TAMS 0x0000000685400000, 0x0000000685000000| Untracked 
|  21|0x0000000685400000, 0x0000000685800000, 0x0000000685800000|100%| O|  |TAMS 0x0000000685800000, 0x0000000685400000| Untracked 
|  22|0x0000000685800000, 0x0000000685c00000, 0x0000000685c00000|100%| O|  |TAMS 0x0000000685c00000, 0x0000000685800000| Untracked 
|  23|0x0000000685c00000, 0x0000000686000000, 0x0000000686000000|100%| O|  |TAMS 0x0000000686000000, 0x0000000685c00000| Untracked 
|  24|0x0000000686000000, 0x0000000686400000, 0x0000000686400000|100%| O|  |TAMS 0x0000000686400000, 0x0000000686000000| Untracked 
|  25|0x0000000686400000, 0x0000000686800000, 0x0000000686800000|100%| O|  |TAMS 0x0000000686800000, 0x0000000686400000| Untracked 
|  26|0x0000000686800000, 0x0000000686c00000, 0x0000000686c00000|100%| O|  |TAMS 0x0000000686c00000, 0x0000000686800000| Untracked 
|  27|0x0000000686c00000, 0x0000000687000000, 0x0000000687000000|100%| O|  |TAMS 0x0000000687000000, 0x0000000686c00000| Untracked 
|  28|0x0000000687000000, 0x0000000687400000, 0x0000000687400000|100%| O|  |TAMS 0x0000000687400000, 0x0000000687000000| Untracked 
|  29|0x0000000687400000, 0x0000000687800000, 0x0000000687800000|100%| O|  |TAMS 0x0000000687800000, 0x0000000687400000| Updating 
|  30|0x0000000687800000, 0x0000000687c00000, 0x0000000687c00000|100%| O|  |TAMS 0x0000000687c00000, 0x0000000687800000| Untracked 
|  31|0x0000000687c00000, 0x0000000688000000, 0x0000000688000000|100%| O|  |TAMS 0x0000000688000000, 0x0000000687c00000| Untracked 
|  32|0x0000000688000000, 0x0000000688400000, 0x0000000688400000|100%| O|  |TAMS 0x0000000688400000, 0x0000000688000000| Updating 
|  33|0x0000000688400000, 0x0000000688800000, 0x0000000688800000|100%| O|  |TAMS 0x0000000688800000, 0x0000000688400000| Updating 
|  34|0x0000000688800000, 0x0000000688c00000, 0x0000000688c00000|100%| O|  |TAMS 0x0000000688c00000, 0x0000000688800000| Updating 
|  35|0x0000000688c00000, 0x0000000689000000, 0x0000000689000000|100%| O|  |TAMS 0x0000000689000000, 0x0000000688c00000| Updating 
|  36|0x0000000689000000, 0x0000000689400000, 0x0000000689400000|100%| O|  |TAMS 0x0000000689400000, 0x0000000689000000| Untracked 
|  37|0x0000000689400000, 0x0000000689800000, 0x0000000689800000|100%| O|  |TAMS 0x0000000689800000, 0x0000000689400000| Updating 
|  38|0x0000000689800000, 0x0000000689c00000, 0x0000000689c00000|100%| O|  |TAMS 0x0000000689c00000, 0x0000000689800000| Untracked 
|  39|0x0000000689c00000, 0x000000068a000000, 0x000000068a000000|100%| O|  |TAMS 0x000000068a000000, 0x0000000689c00000| Updating 
|  40|0x000000068a000000, 0x000000068a400000, 0x000000068a400000|100%| O|  |TAMS 0x000000068a400000, 0x000000068a000000| Updating 
|  41|0x000000068a400000, 0x000000068a800000, 0x000000068a800000|100%| O|  |TAMS 0x000000068a800000, 0x000000068a400000| Untracked 
|  42|0x000000068a800000, 0x000000068ac00000, 0x000000068ac00000|100%| O|  |TAMS 0x000000068ac00000, 0x000000068a800000| Untracked 
|  43|0x000000068ac00000, 0x000000068b000000, 0x000000068b000000|100%| O|  |TAMS 0x000000068b000000, 0x000000068ac00000| Updating 
|  44|0x000000068b000000, 0x000000068b400000, 0x000000068b400000|100%| O|  |TAMS 0x000000068b400000, 0x000000068b000000| Updating 
|  45|0x000000068b400000, 0x000000068b800000, 0x000000068b800000|100%| O|  |TAMS 0x000000068b800000, 0x000000068b400000| Untracked 
|  46|0x000000068b800000, 0x000000068bc00000, 0x000000068bc00000|100%| O|  |TAMS 0x000000068bc00000, 0x000000068b800000| Untracked 
|  47|0x000000068bc00000, 0x000000068c000000, 0x000000068c000000|100%|HS|  |TAMS 0x000000068c000000, 0x000000068bc00000| Complete 
|  48|0x000000068c000000, 0x000000068c400000, 0x000000068c400000|100%|HC|  |TAMS 0x000000068c400000, 0x000000068c000000| Complete 
|  49|0x000000068c400000, 0x000000068c800000, 0x000000068c800000|100%| O|  |TAMS 0x000000068c800000, 0x000000068c400000| Updating 
|  50|0x000000068c800000, 0x000000068cc00000, 0x000000068cc00000|100%| O|  |TAMS 0x000000068cc00000, 0x000000068c800000| Updating 
|  51|0x000000068cc00000, 0x000000068d000000, 0x000000068d000000|100%| O|  |TAMS 0x000000068d000000, 0x000000068cc00000| Updating 
|  52|0x000000068d000000, 0x000000068d400000, 0x000000068d400000|100%| O|  |TAMS 0x000000068d400000, 0x000000068d000000| Untracked 
|  53|0x000000068d400000, 0x000000068d800000, 0x000000068d800000|100%|HS|  |TAMS 0x000000068d800000, 0x000000068d400000| Complete 
|  54|0x000000068d800000, 0x000000068dc00000, 0x000000068dc00000|100%|HC|  |TAMS 0x000000068dc00000, 0x000000068d800000| Complete 
|  55|0x000000068dc00000, 0x000000068e000000, 0x000000068e000000|100%|HC|  |TAMS 0x000000068e000000, 0x000000068dc00000| Complete 
|  56|0x000000068e000000, 0x000000068e400000, 0x000000068e400000|100%| O|  |TAMS 0x000000068e400000, 0x000000068e000000| Untracked 
|  57|0x000000068e400000, 0x000000068e800000, 0x000000068e800000|100%| O|  |TAMS 0x000000068e800000, 0x000000068e400000| Untracked 
|  58|0x000000068e800000, 0x000000068ec00000, 0x000000068ec00000|100%| O|  |TAMS 0x000000068ec00000, 0x000000068e800000| Untracked 
|  59|0x000000068ec00000, 0x000000068f000000, 0x000000068f000000|100%| O|  |TAMS 0x000000068f000000, 0x000000068ec00000| Untracked 
|  60|0x000000068f000000, 0x000000068f400000, 0x000000068f400000|100%| O|  |TAMS 0x000000068f400000, 0x000000068f000000| Untracked 
|  61|0x000000068f400000, 0x000000068f800000, 0x000000068f800000|100%| O|  |TAMS 0x000000068f800000, 0x000000068f400000| Untracked 
|  62|0x000000068f800000, 0x000000068fc00000, 0x000000068fc00000|100%| O|  |TAMS 0x000000068fc00000, 0x000000068f800000| Untracked 
|  63|0x000000068fc00000, 0x0000000690000000, 0x0000000690000000|100%| O|  |TAMS 0x0000000690000000, 0x000000068fc00000| Updating 
|  64|0x0000000690000000, 0x0000000690400000, 0x0000000690400000|100%| O|  |TAMS 0x0000000690400000, 0x0000000690000000| Updating 
|  65|0x0000000690400000, 0x0000000690800000, 0x0000000690800000|100%| O|  |TAMS 0x0000000690800000, 0x0000000690400000| Updating 
|  66|0x0000000690800000, 0x0000000690c00000, 0x0000000690c00000|100%| O|  |TAMS 0x0000000690c00000, 0x0000000690800000| Updating 
|  67|0x0000000690c00000, 0x0000000691000000, 0x0000000691000000|100%| O|  |TAMS 0x0000000691000000, 0x0000000690c00000| Updating 
|  68|0x0000000691000000, 0x0000000691400000, 0x0000000691400000|100%| O|  |TAMS 0x0000000691400000, 0x0000000691000000| Untracked 
|  69|0x0000000691400000, 0x0000000691800000, 0x0000000691800000|100%| O|  |TAMS 0x0000000691800000, 0x0000000691400000| Untracked 
|  70|0x0000000691800000, 0x0000000691c00000, 0x0000000691c00000|100%| O|  |TAMS 0x0000000691c00000, 0x0000000691800000| Updating 
|  71|0x0000000691c00000, 0x0000000692000000, 0x0000000692000000|100%| O|  |TAMS 0x0000000692000000, 0x0000000691c00000| Updating 
|  72|0x0000000692000000, 0x0000000692400000, 0x0000000692400000|100%| O|  |TAMS 0x0000000692400000, 0x0000000692000000| Untracked 
|  73|0x0000000692400000, 0x0000000692800000, 0x0000000692800000|100%| O|  |TAMS 0x0000000692800000, 0x0000000692400000| Updating 
|  74|0x0000000692800000, 0x0000000692c00000, 0x0000000692c00000|100%| O|  |TAMS 0x0000000692c00000, 0x0000000692800000| Updating 
|  75|0x0000000692c00000, 0x0000000693000000, 0x0000000693000000|100%| O|  |TAMS 0x0000000693000000, 0x0000000692c00000| Untracked 
|  76|0x0000000693000000, 0x0000000693400000, 0x0000000693400000|100%| O|  |TAMS 0x0000000693400000, 0x0000000693000000| Updating 
|  77|0x0000000693400000, 0x0000000693800000, 0x0000000693800000|100%| O|  |TAMS 0x0000000693800000, 0x0000000693400000| Updating 
|  78|0x0000000693800000, 0x0000000693c00000, 0x0000000693c00000|100%| O|  |TAMS 0x0000000693c00000, 0x0000000693800000| Untracked 
|  79|0x0000000693c00000, 0x0000000694000000, 0x0000000694000000|100%| O|  |TAMS 0x0000000694000000, 0x0000000693c00000| Untracked 
|  80|0x0000000694000000, 0x0000000694400000, 0x0000000694400000|100%| O|  |TAMS 0x0000000694400000, 0x0000000694000000| Untracked 
|  81|0x0000000694400000, 0x0000000694800000, 0x0000000694800000|100%| O|  |TAMS 0x0000000694800000, 0x0000000694400000| Updating 
|  82|0x0000000694800000, 0x0000000694c00000, 0x0000000694c00000|100%| O|  |TAMS 0x0000000694c00000, 0x0000000694800000| Updating 
|  83|0x0000000694c00000, 0x0000000695000000, 0x0000000695000000|100%|HS|  |TAMS 0x0000000695000000, 0x0000000694c00000| Complete 
|  84|0x0000000695000000, 0x0000000695400000, 0x0000000695400000|100%|HS|  |TAMS 0x0000000695400000, 0x0000000695000000| Complete 
|  85|0x0000000695400000, 0x0000000695800000, 0x0000000695800000|100%|HC|  |TAMS 0x0000000695800000, 0x0000000695400000| Complete 
|  86|0x0000000695800000, 0x0000000695c00000, 0x0000000695c00000|100%|HC|  |TAMS 0x0000000695c00000, 0x0000000695800000| Complete 
|  87|0x0000000695c00000, 0x0000000696000000, 0x0000000696000000|100%|HS|  |TAMS 0x0000000696000000, 0x0000000695c00000| Complete 
|  88|0x0000000696000000, 0x0000000696400000, 0x0000000696400000|100%|HC|  |TAMS 0x0000000696400000, 0x0000000696000000| Complete 
|  89|0x0000000696400000, 0x0000000696800000, 0x0000000696800000|100%| O|  |TAMS 0x0000000696800000, 0x0000000696400000| Untracked 
|  90|0x0000000696800000, 0x0000000696c00000, 0x0000000696c00000|100%| O|  |TAMS 0x0000000696c00000, 0x0000000696800000| Untracked 
|  91|0x0000000696c00000, 0x0000000697000000, 0x0000000697000000|100%| O|  |TAMS 0x0000000697000000, 0x0000000696c00000| Untracked 
|  92|0x0000000697000000, 0x0000000697400000, 0x0000000697400000|100%| O|  |TAMS 0x0000000697400000, 0x0000000697000000| Untracked 
|  93|0x0000000697400000, 0x0000000697800000, 0x0000000697800000|100%| O|  |TAMS 0x0000000697800000, 0x0000000697400000| Untracked 
|  94|0x0000000697800000, 0x0000000697c00000, 0x0000000697c00000|100%| O|  |TAMS 0x0000000697c00000, 0x0000000697800000| Untracked 
|  95|0x0000000697c00000, 0x0000000698000000, 0x0000000698000000|100%| O|  |TAMS 0x0000000698000000, 0x0000000697c00000| Untracked 
|  96|0x0000000698000000, 0x0000000698400000, 0x0000000698400000|100%|HS|  |TAMS 0x0000000698400000, 0x0000000698000000| Complete 
|  97|0x0000000698400000, 0x0000000698800000, 0x0000000698800000|100%|HC|  |TAMS 0x0000000698800000, 0x0000000698400000| Complete 
|  98|0x0000000698800000, 0x0000000698c00000, 0x0000000698c00000|100%| O|  |TAMS 0x0000000698c00000, 0x0000000698800000| Untracked 
|  99|0x0000000698c00000, 0x0000000699000000, 0x0000000699000000|100%| O|  |TAMS 0x0000000699000000, 0x0000000698c00000| Untracked 
| 100|0x0000000699000000, 0x0000000699400000, 0x0000000699400000|100%| O|  |TAMS 0x0000000699400000, 0x0000000699000000| Untracked 
| 101|0x0000000699400000, 0x0000000699800000, 0x0000000699800000|100%| O|  |TAMS 0x0000000699800000, 0x0000000699400000| Untracked 
| 102|0x0000000699800000, 0x0000000699c00000, 0x0000000699c00000|100%| O|  |TAMS 0x0000000699c00000, 0x0000000699800000| Updating 
| 103|0x0000000699c00000, 0x000000069a000000, 0x000000069a000000|100%| O|  |TAMS 0x000000069a000000, 0x0000000699c00000| Updating 
| 104|0x000000069a000000, 0x000000069a400000, 0x000000069a400000|100%| O|  |TAMS 0x000000069a400000, 0x000000069a000000| Updating 
| 105|0x000000069a400000, 0x000000069a800000, 0x000000069a800000|100%| O|  |TAMS 0x000000069a800000, 0x000000069a400000| Updating 
| 106|0x000000069a800000, 0x000000069ac00000, 0x000000069ac00000|100%| O|  |TAMS 0x000000069ac00000, 0x000000069a800000| Updating 
| 107|0x000000069ac00000, 0x000000069b000000, 0x000000069b000000|100%| O|  |TAMS 0x000000069b000000, 0x000000069ac00000| Updating 
| 108|0x000000069b000000, 0x000000069b400000, 0x000000069b400000|100%| O|  |TAMS 0x000000069b400000, 0x000000069b000000| Updating 
| 109|0x000000069b400000, 0x000000069b800000, 0x000000069b800000|100%| O|  |TAMS 0x000000069b800000, 0x000000069b400000| Updating 
| 110|0x000000069b800000, 0x000000069bc00000, 0x000000069bc00000|100%| O|  |TAMS 0x000000069bc00000, 0x000000069b800000| Updating 
| 111|0x000000069bc00000, 0x000000069c000000, 0x000000069c000000|100%| O|  |TAMS 0x000000069c000000, 0x000000069bc00000| Untracked 
| 112|0x000000069c000000, 0x000000069c400000, 0x000000069c400000|100%| O|  |TAMS 0x000000069c400000, 0x000000069c000000| Untracked 
| 113|0x000000069c400000, 0x000000069c800000, 0x000000069c800000|100%| O|  |TAMS 0x000000069c800000, 0x000000069c400000| Untracked 
| 114|0x000000069c800000, 0x000000069cc00000, 0x000000069cc00000|100%| O|  |TAMS 0x000000069cc00000, 0x000000069c800000| Untracked 
| 115|0x000000069cc00000, 0x000000069d000000, 0x000000069d000000|100%| O|  |TAMS 0x000000069d000000, 0x000000069cc00000| Untracked 
| 116|0x000000069d000000, 0x000000069d400000, 0x000000069d400000|100%| O|  |TAMS 0x000000069d400000, 0x000000069d000000| Untracked 
| 117|0x000000069d400000, 0x000000069d800000, 0x000000069d800000|100%| O|  |TAMS 0x000000069d800000, 0x000000069d400000| Untracked 
| 118|0x000000069d800000, 0x000000069dc00000, 0x000000069dc00000|100%| O|  |TAMS 0x000000069dc00000, 0x000000069d800000| Untracked 
| 119|0x000000069dc00000, 0x000000069e000000, 0x000000069e000000|100%| O|  |TAMS 0x000000069e000000, 0x000000069dc00000| Untracked 
| 120|0x000000069e000000, 0x000000069e400000, 0x000000069e400000|100%| O|  |TAMS 0x000000069e400000, 0x000000069e000000| Untracked 
| 121|0x000000069e400000, 0x000000069e800000, 0x000000069e800000|100%| O|  |TAMS 0x000000069e800000, 0x000000069e400000| Untracked 
| 122|0x000000069e800000, 0x000000069ec00000, 0x000000069ec00000|100%| O|  |TAMS 0x000000069ec00000, 0x000000069e800000| Untracked 
| 123|0x000000069ec00000, 0x000000069f000000, 0x000000069f000000|100%| O|  |TAMS 0x000000069f000000, 0x000000069ec00000| Untracked 
| 124|0x000000069f000000, 0x000000069f400000, 0x000000069f400000|100%| O|  |TAMS 0x000000069f400000, 0x000000069f000000| Untracked 
| 125|0x000000069f400000, 0x000000069f800000, 0x000000069f800000|100%| O|  |TAMS 0x000000069f800000, 0x000000069f400000| Untracked 
| 126|0x000000069f800000, 0x000000069fc00000, 0x000000069fc00000|100%| O|  |TAMS 0x000000069fc00000, 0x000000069f800000| Untracked 
| 127|0x000000069fc00000, 0x00000006a0000000, 0x00000006a0000000|100%|HS|  |TAMS 0x00000006a0000000, 0x000000069fc00000| Complete 
| 128|0x00000006a0000000, 0x00000006a0400000, 0x00000006a0400000|100%|HC|  |TAMS 0x00000006a0400000, 0x00000006a0000000| Complete 
| 129|0x00000006a0400000, 0x00000006a0800000, 0x00000006a0800000|100%|HC|  |TAMS 0x00000006a0800000, 0x00000006a0400000| Complete 
| 130|0x00000006a0800000, 0x00000006a0c00000, 0x00000006a0c00000|100%|HS|  |TAMS 0x00000006a0c00000, 0x00000006a0800000| Complete 
| 131|0x00000006a0c00000, 0x00000006a1000000, 0x00000006a1000000|100%|HC|  |TAMS 0x00000006a1000000, 0x00000006a0c00000| Complete 
| 132|0x00000006a1000000, 0x00000006a1400000, 0x00000006a1400000|100%| O|  |TAMS 0x00000006a1400000, 0x00000006a1000000| Updating 
| 133|0x00000006a1400000, 0x00000006a1800000, 0x00000006a1800000|100%| O|  |TAMS 0x00000006a1800000, 0x00000006a1400000| Updating 
| 134|0x00000006a1800000, 0x00000006a1c00000, 0x00000006a1c00000|100%|HS|  |TAMS 0x00000006a1c00000, 0x00000006a1800000| Complete 
| 135|0x00000006a1c00000, 0x00000006a2000000, 0x00000006a2000000|100%|HC|  |TAMS 0x00000006a2000000, 0x00000006a1c00000| Complete 
| 136|0x00000006a2000000, 0x00000006a2400000, 0x00000006a2400000|100%| O|  |TAMS 0x00000006a2400000, 0x00000006a2000000| Untracked 
| 137|0x00000006a2400000, 0x00000006a2800000, 0x00000006a2800000|100%| O|  |TAMS 0x00000006a2800000, 0x00000006a2400000| Untracked 
| 138|0x00000006a2800000, 0x00000006a2c00000, 0x00000006a2c00000|100%| O|  |TAMS 0x00000006a2c00000, 0x00000006a2800000| Untracked 
| 139|0x00000006a2c00000, 0x00000006a3000000, 0x00000006a3000000|100%| O|  |TAMS 0x00000006a3000000, 0x00000006a2c00000| Untracked 
| 140|0x00000006a3000000, 0x00000006a3400000, 0x00000006a3400000|100%| O|  |TAMS 0x00000006a3400000, 0x00000006a3000000| Untracked 
| 141|0x00000006a3400000, 0x00000006a3800000, 0x00000006a3800000|100%| O|  |TAMS 0x00000006a3800000, 0x00000006a3400000| Untracked 
| 142|0x00000006a3800000, 0x00000006a3c00000, 0x00000006a3c00000|100%| O|  |TAMS 0x00000006a3c00000, 0x00000006a3800000| Untracked 
| 143|0x00000006a3c00000, 0x00000006a4000000, 0x00000006a4000000|100%| O|  |TAMS 0x00000006a4000000, 0x00000006a3c00000| Untracked 
| 144|0x00000006a4000000, 0x00000006a4400000, 0x00000006a4400000|100%| O|  |TAMS 0x00000006a4400000, 0x00000006a4000000| Untracked 
| 145|0x00000006a4400000, 0x00000006a4800000, 0x00000006a4800000|100%| O|  |TAMS 0x00000006a4800000, 0x00000006a4400000| Untracked 
| 146|0x00000006a4800000, 0x00000006a4c00000, 0x00000006a4c00000|100%| O|  |TAMS 0x00000006a4c00000, 0x00000006a4800000| Updating 
| 147|0x00000006a4c00000, 0x00000006a5000000, 0x00000006a5000000|100%| O|  |TAMS 0x00000006a5000000, 0x00000006a4c00000| Updating 
| 148|0x00000006a5000000, 0x00000006a5400000, 0x00000006a5400000|100%| O|  |TAMS 0x00000006a5400000, 0x00000006a5000000| Updating 
| 149|0x00000006a5400000, 0x00000006a5800000, 0x00000006a5800000|100%| O|  |TAMS 0x00000006a5800000, 0x00000006a5400000| Updating 
| 150|0x00000006a5800000, 0x00000006a5c00000, 0x00000006a5c00000|100%| O|  |TAMS 0x00000006a5c00000, 0x00000006a5800000| Untracked 
| 151|0x00000006a5c00000, 0x00000006a6000000, 0x00000006a6000000|100%| O|  |TAMS 0x00000006a6000000, 0x00000006a5c00000| Updating 
| 152|0x00000006a6000000, 0x00000006a6400000, 0x00000006a6400000|100%| O|  |TAMS 0x00000006a6400000, 0x00000006a6000000| Untracked 
| 153|0x00000006a6400000, 0x00000006a6800000, 0x00000006a6800000|100%| O|  |TAMS 0x00000006a6800000, 0x00000006a6400000| Untracked 
| 154|0x00000006a6800000, 0x00000006a6c00000, 0x00000006a6c00000|100%| O|  |TAMS 0x00000006a6c00000, 0x00000006a6800000| Untracked 
| 155|0x00000006a6c00000, 0x00000006a7000000, 0x00000006a7000000|100%| O|  |TAMS 0x00000006a7000000, 0x00000006a6c00000| Untracked 
| 156|0x00000006a7000000, 0x00000006a7400000, 0x00000006a7400000|100%| O|  |TAMS 0x00000006a7400000, 0x00000006a7000000| Untracked 
| 157|0x00000006a7400000, 0x00000006a7800000, 0x00000006a7800000|100%| O|  |TAMS 0x00000006a7800000, 0x00000006a7400000| Untracked 
| 158|0x00000006a7800000, 0x00000006a7c00000, 0x00000006a7c00000|100%| O|  |TAMS 0x00000006a7c00000, 0x00000006a7800000| Updating 
| 159|0x00000006a7c00000, 0x00000006a8000000, 0x00000006a8000000|100%| O|  |TAMS 0x00000006a8000000, 0x00000006a7c00000| Untracked 
| 160|0x00000006a8000000, 0x00000006a8400000, 0x00000006a8400000|100%| O|  |TAMS 0x00000006a8400000, 0x00000006a8000000| Untracked 
| 161|0x00000006a8400000, 0x00000006a8800000, 0x00000006a8800000|100%| O|  |TAMS 0x00000006a8800000, 0x00000006a8400000| Untracked 
| 162|0x00000006a8800000, 0x00000006a8c00000, 0x00000006a8c00000|100%| O|  |TAMS 0x00000006a8c00000, 0x00000006a8800000| Untracked 
| 163|0x00000006a8c00000, 0x00000006a9000000, 0x00000006a9000000|100%| O|  |TAMS 0x00000006a9000000, 0x00000006a8c00000| Untracked 
| 164|0x00000006a9000000, 0x00000006a9400000, 0x00000006a9400000|100%| O|  |TAMS 0x00000006a9400000, 0x00000006a9000000| Untracked 
| 165|0x00000006a9400000, 0x00000006a9800000, 0x00000006a9800000|100%| O|  |TAMS 0x00000006a9800000, 0x00000006a9400000| Updating 
| 166|0x00000006a9800000, 0x00000006a9c00000, 0x00000006a9c00000|100%| O|  |TAMS 0x00000006a9c00000, 0x00000006a9800000| Untracked 
| 167|0x00000006a9c00000, 0x00000006aa000000, 0x00000006aa000000|100%| O|  |TAMS 0x00000006aa000000, 0x00000006a9c00000| Untracked 
| 168|0x00000006aa000000, 0x00000006aa400000, 0x00000006aa400000|100%| O|  |TAMS 0x00000006aa400000, 0x00000006aa000000| Untracked 
| 169|0x00000006aa400000, 0x00000006aa800000, 0x00000006aa800000|100%| O|  |TAMS 0x00000006aa800000, 0x00000006aa400000| Untracked 
| 170|0x00000006aa800000, 0x00000006aac00000, 0x00000006aac00000|100%| O|  |TAMS 0x00000006aac00000, 0x00000006aa800000| Untracked 
| 171|0x00000006aac00000, 0x00000006ab000000, 0x00000006ab000000|100%| O|  |TAMS 0x00000006ab000000, 0x00000006aac00000| Untracked 
| 172|0x00000006ab000000, 0x00000006ab400000, 0x00000006ab400000|100%| O|  |TAMS 0x00000006ab400000, 0x00000006ab000000| Untracked 
| 173|0x00000006ab400000, 0x00000006ab800000, 0x00000006ab800000|100%| O|  |TAMS 0x00000006ab800000, 0x00000006ab400000| Untracked 
| 174|0x00000006ab800000, 0x00000006abc00000, 0x00000006abc00000|100%| O|  |TAMS 0x00000006abc00000, 0x00000006ab800000| Untracked 
| 175|0x00000006abc00000, 0x00000006ac000000, 0x00000006ac000000|100%| O|  |TAMS 0x00000006ac000000, 0x00000006abc00000| Untracked 
| 176|0x00000006ac000000, 0x00000006ac400000, 0x00000006ac400000|100%| O|  |TAMS 0x00000006ac400000, 0x00000006ac000000| Untracked 
| 177|0x00000006ac400000, 0x00000006ac800000, 0x00000006ac800000|100%| O|  |TAMS 0x00000006ac800000, 0x00000006ac400000| Untracked 
| 178|0x00000006ac800000, 0x00000006acc00000, 0x00000006acc00000|100%| O|  |TAMS 0x00000006acc00000, 0x00000006ac800000| Untracked 
| 179|0x00000006acc00000, 0x00000006ad000000, 0x00000006ad000000|100%| O|  |TAMS 0x00000006ad000000, 0x00000006acc00000| Untracked 
| 180|0x00000006ad000000, 0x00000006ad400000, 0x00000006ad400000|100%| O|  |TAMS 0x00000006ad400000, 0x00000006ad000000| Untracked 
| 181|0x00000006ad400000, 0x00000006ad800000, 0x00000006ad800000|100%| O|  |TAMS 0x00000006ad800000, 0x00000006ad400000| Untracked 
| 182|0x00000006ad800000, 0x00000006adc00000, 0x00000006adc00000|100%| O|  |TAMS 0x00000006adc00000, 0x00000006ad800000| Untracked 
| 183|0x00000006adc00000, 0x00000006ae000000, 0x00000006ae000000|100%| O|  |TAMS 0x00000006ae000000, 0x00000006adc00000| Untracked 
| 184|0x00000006ae000000, 0x00000006ae400000, 0x00000006ae400000|100%| O|  |TAMS 0x00000006ae400000, 0x00000006ae000000| Untracked 
| 185|0x00000006ae400000, 0x00000006ae800000, 0x00000006ae800000|100%| O|  |TAMS 0x00000006ae800000, 0x00000006ae400000| Untracked 
| 186|0x00000006ae800000, 0x00000006aec00000, 0x00000006aec00000|100%| O|  |TAMS 0x00000006aec00000, 0x00000006ae800000| Untracked 
| 187|0x00000006aec00000, 0x00000006af000000, 0x00000006af000000|100%| O|  |TAMS 0x00000006af000000, 0x00000006aec00000| Updating 
| 188|0x00000006af000000, 0x00000006af400000, 0x00000006af400000|100%| O|  |TAMS 0x00000006af400000, 0x00000006af000000| Updating 
| 189|0x00000006af400000, 0x00000006af800000, 0x00000006af800000|100%| O|  |TAMS 0x00000006af800000, 0x00000006af400000| Untracked 
| 190|0x00000006af800000, 0x00000006afc00000, 0x00000006afc00000|100%| O|  |TAMS 0x00000006afc00000, 0x00000006af800000| Untracked 
| 191|0x00000006afc00000, 0x00000006b0000000, 0x00000006b0000000|100%| O|  |TAMS 0x00000006b0000000, 0x00000006afc00000| Untracked 
| 192|0x00000006b0000000, 0x00000006b0400000, 0x00000006b0400000|100%| O|  |TAMS 0x00000006b0400000, 0x00000006b0000000| Untracked 
| 193|0x00000006b0400000, 0x00000006b0800000, 0x00000006b0800000|100%| O|  |TAMS 0x00000006b0800000, 0x00000006b0400000| Untracked 
| 194|0x00000006b0800000, 0x00000006b0c00000, 0x00000006b0c00000|100%| O|  |TAMS 0x00000006b0c00000, 0x00000006b0800000| Untracked 
| 195|0x00000006b0c00000, 0x00000006b1000000, 0x00000006b1000000|100%| O|  |TAMS 0x00000006b1000000, 0x00000006b0c00000| Untracked 
| 196|0x00000006b1000000, 0x00000006b1400000, 0x00000006b1400000|100%| O|  |TAMS 0x00000006b1400000, 0x00000006b1000000| Untracked 
| 197|0x00000006b1400000, 0x00000006b1800000, 0x00000006b1800000|100%| O|  |TAMS 0x00000006b1800000, 0x00000006b1400000| Untracked 
| 198|0x00000006b1800000, 0x00000006b1c00000, 0x00000006b1c00000|100%| O|  |TAMS 0x00000006b1c00000, 0x00000006b1800000| Untracked 
| 199|0x00000006b1c00000, 0x00000006b2000000, 0x00000006b2000000|100%| O|  |TAMS 0x00000006b2000000, 0x00000006b1c00000| Untracked 
| 200|0x00000006b2000000, 0x00000006b2400000, 0x00000006b2400000|100%| O|  |TAMS 0x00000006b2400000, 0x00000006b2000000| Untracked 
| 201|0x00000006b2400000, 0x00000006b2800000, 0x00000006b2800000|100%| O|  |TAMS 0x00000006b2800000, 0x00000006b2400000| Updating 
| 202|0x00000006b2800000, 0x00000006b2c00000, 0x00000006b2c00000|100%| O|  |TAMS 0x00000006b2c00000, 0x00000006b2800000| Updating 
| 203|0x00000006b2c00000, 0x00000006b3000000, 0x00000006b3000000|100%| O|  |TAMS 0x00000006b3000000, 0x00000006b2c00000| Untracked 
| 204|0x00000006b3000000, 0x00000006b3400000, 0x00000006b3400000|100%| O|  |TAMS 0x00000006b3400000, 0x00000006b3000000| Untracked 
| 205|0x00000006b3400000, 0x00000006b3800000, 0x00000006b3800000|100%| O|  |TAMS 0x00000006b3800000, 0x00000006b3400000| Untracked 
| 206|0x00000006b3800000, 0x00000006b3c00000, 0x00000006b3c00000|100%| O|  |TAMS 0x00000006b3c00000, 0x00000006b3800000| Untracked 
| 207|0x00000006b3c00000, 0x00000006b4000000, 0x00000006b4000000|100%| O|  |TAMS 0x00000006b4000000, 0x00000006b3c00000| Updating 
| 208|0x00000006b4000000, 0x00000006b4400000, 0x00000006b4400000|100%| O|  |TAMS 0x00000006b4400000, 0x00000006b4000000| Updating 
| 209|0x00000006b4400000, 0x00000006b4800000, 0x00000006b4800000|100%|HS|  |TAMS 0x00000006b4800000, 0x00000006b4400000| Complete 
| 210|0x00000006b4800000, 0x00000006b4c00000, 0x00000006b4c00000|100%|HC|  |TAMS 0x00000006b4c00000, 0x00000006b4800000| Complete 
| 211|0x00000006b4c00000, 0x00000006b5000000, 0x00000006b5000000|100%| O|  |TAMS 0x00000006b5000000, 0x00000006b4c00000| Untracked 
| 212|0x00000006b5000000, 0x00000006b5400000, 0x00000006b5400000|100%| O|  |TAMS 0x00000006b5400000, 0x00000006b5000000| Updating 
| 213|0x00000006b5400000, 0x00000006b5800000, 0x00000006b5800000|100%| O|  |TAMS 0x00000006b5800000, 0x00000006b5400000| Updating 
| 214|0x00000006b5800000, 0x00000006b5c00000, 0x00000006b5c00000|100%| O|  |TAMS 0x00000006b5c00000, 0x00000006b5800000| Untracked 
| 215|0x00000006b5c00000, 0x00000006b6000000, 0x00000006b6000000|100%| O|  |TAMS 0x00000006b6000000, 0x00000006b5c00000| Updating 
| 216|0x00000006b6000000, 0x00000006b6400000, 0x00000006b6400000|100%| O|  |TAMS 0x00000006b6400000, 0x00000006b6000000| Untracked 
| 217|0x00000006b6400000, 0x00000006b6800000, 0x00000006b6800000|100%| O|  |TAMS 0x00000006b6800000, 0x00000006b6400000| Untracked 
| 218|0x00000006b6800000, 0x00000006b6c00000, 0x00000006b6c00000|100%| O|  |TAMS 0x00000006b6c00000, 0x00000006b6800000| Untracked 
| 219|0x00000006b6c00000, 0x00000006b7000000, 0x00000006b7000000|100%| O|  |TAMS 0x00000006b7000000, 0x00000006b6c00000| Untracked 
| 220|0x00000006b7000000, 0x00000006b7400000, 0x00000006b7400000|100%| O|  |TAMS 0x00000006b7400000, 0x00000006b7000000| Untracked 
| 221|0x00000006b7400000, 0x00000006b7800000, 0x00000006b7800000|100%| O|  |TAMS 0x00000006b7800000, 0x00000006b7400000| Untracked 
| 222|0x00000006b7800000, 0x00000006b7c00000, 0x00000006b7c00000|100%| O|  |TAMS 0x00000006b7c00000, 0x00000006b7800000| Untracked 
| 223|0x00000006b7c00000, 0x00000006b8000000, 0x00000006b8000000|100%| O|  |TAMS 0x00000006b8000000, 0x00000006b7c00000| Untracked 
| 224|0x00000006b8000000, 0x00000006b8400000, 0x00000006b8400000|100%| O|  |TAMS 0x00000006b8400000, 0x00000006b8000000| Untracked 
| 225|0x00000006b8400000, 0x00000006b8800000, 0x00000006b8800000|100%| O|  |TAMS 0x00000006b8800000, 0x00000006b8400000| Untracked 
| 226|0x00000006b8800000, 0x00000006b8c00000, 0x00000006b8c00000|100%| O|  |TAMS 0x00000006b8c00000, 0x00000006b8800000| Untracked 
| 227|0x00000006b8c00000, 0x00000006b9000000, 0x00000006b9000000|100%| O|  |TAMS 0x00000006b9000000, 0x00000006b8c00000| Untracked 
| 228|0x00000006b9000000, 0x00000006b9400000, 0x00000006b9400000|100%| O|  |TAMS 0x00000006b9400000, 0x00000006b9000000| Untracked 
| 229|0x00000006b9400000, 0x00000006b9800000, 0x00000006b9800000|100%| O|  |TAMS 0x00000006b9800000, 0x00000006b9400000| Untracked 
| 230|0x00000006b9800000, 0x00000006b9c00000, 0x00000006b9c00000|100%| O|  |TAMS 0x00000006b9c00000, 0x00000006b9800000| Untracked 
| 231|0x00000006b9c00000, 0x00000006ba000000, 0x00000006ba000000|100%| O|  |TAMS 0x00000006ba000000, 0x00000006b9c00000| Untracked 
| 232|0x00000006ba000000, 0x00000006ba400000, 0x00000006ba400000|100%| O|  |TAMS 0x00000006ba400000, 0x00000006ba000000| Untracked 
| 233|0x00000006ba400000, 0x00000006ba800000, 0x00000006ba800000|100%| O|  |TAMS 0x00000006ba800000, 0x00000006ba400000| Untracked 
| 234|0x00000006ba800000, 0x00000006bac00000, 0x00000006bac00000|100%| O|  |TAMS 0x00000006bac00000, 0x00000006ba800000| Untracked 
| 235|0x00000006bac00000, 0x00000006bb000000, 0x00000006bb000000|100%| O|  |TAMS 0x00000006bb000000, 0x00000006bac00000| Untracked 
| 236|0x00000006bb000000, 0x00000006bb400000, 0x00000006bb400000|100%| O|  |TAMS 0x00000006bb400000, 0x00000006bb000000| Updating 
| 237|0x00000006bb400000, 0x00000006bb800000, 0x00000006bb800000|100%| O|  |TAMS 0x00000006bb800000, 0x00000006bb400000| Untracked 
| 238|0x00000006bb800000, 0x00000006bbc00000, 0x00000006bbc00000|100%| O|  |TAMS 0x00000006bbc00000, 0x00000006bb800000| Updating 
| 239|0x00000006bbc00000, 0x00000006bc000000, 0x00000006bc000000|100%| O|  |TAMS 0x00000006bc000000, 0x00000006bbc00000| Updating 
| 240|0x00000006bc000000, 0x00000006bc400000, 0x00000006bc400000|100%| O|  |TAMS 0x00000006bc400000, 0x00000006bc000000| Untracked 
| 241|0x00000006bc400000, 0x00000006bc800000, 0x00000006bc800000|100%| O|  |TAMS 0x00000006bc800000, 0x00000006bc400000| Updating 
| 242|0x00000006bc800000, 0x00000006bcc00000, 0x00000006bcc00000|100%| O|  |TAMS 0x00000006bcc00000, 0x00000006bc800000| Updating 
| 243|0x00000006bcc00000, 0x00000006bd000000, 0x00000006bd000000|100%| O|  |TAMS 0x00000006bd000000, 0x00000006bcc00000| Updating 
| 244|0x00000006bd000000, 0x00000006bd400000, 0x00000006bd400000|100%| O|  |TAMS 0x00000006bd400000, 0x00000006bd000000| Updating 
| 245|0x00000006bd400000, 0x00000006bd800000, 0x00000006bd800000|100%| O|  |TAMS 0x00000006bd800000, 0x00000006bd400000| Updating 
| 246|0x00000006bd800000, 0x00000006bdc00000, 0x00000006bdc00000|100%| O|  |TAMS 0x00000006bdc00000, 0x00000006bd800000| Untracked 
| 247|0x00000006bdc00000, 0x00000006be000000, 0x00000006be000000|100%| O|  |TAMS 0x00000006be000000, 0x00000006bdc00000| Untracked 
| 248|0x00000006be000000, 0x00000006be400000, 0x00000006be400000|100%| O|  |TAMS 0x00000006be400000, 0x00000006be000000| Untracked 
| 249|0x00000006be400000, 0x00000006be800000, 0x00000006be800000|100%| O|  |TAMS 0x00000006be800000, 0x00000006be400000| Untracked 
| 250|0x00000006be800000, 0x00000006bec00000, 0x00000006bec00000|100%| O|  |TAMS 0x00000006bec00000, 0x00000006be800000| Untracked 
| 251|0x00000006bec00000, 0x00000006bf000000, 0x00000006bf000000|100%| O|  |TAMS 0x00000006bf000000, 0x00000006bec00000| Untracked 
| 252|0x00000006bf000000, 0x00000006bf400000, 0x00000006bf400000|100%| O|  |TAMS 0x00000006bf400000, 0x00000006bf000000| Untracked 
| 253|0x00000006bf400000, 0x00000006bf800000, 0x00000006bf800000|100%| O|  |TAMS 0x00000006bf800000, 0x00000006bf400000| Untracked 
| 254|0x00000006bf800000, 0x00000006bfc00000, 0x00000006bfc00000|100%| O|  |TAMS 0x00000006bfc00000, 0x00000006bf800000| Untracked 
| 255|0x00000006bfc00000, 0x00000006c0000000, 0x00000006c0000000|100%| O|  |TAMS 0x00000006c0000000, 0x00000006bfc00000| Untracked 
| 256|0x00000006c0000000, 0x00000006c0400000, 0x00000006c0400000|100%| O|  |TAMS 0x00000006c0400000, 0x00000006c0000000| Updating 
| 257|0x00000006c0400000, 0x00000006c0800000, 0x00000006c0800000|100%| O|  |TAMS 0x00000006c0800000, 0x00000006c0400000| Untracked 
| 258|0x00000006c0800000, 0x00000006c0c00000, 0x00000006c0c00000|100%| O|  |TAMS 0x00000006c0c00000, 0x00000006c0800000| Untracked 
| 259|0x00000006c0c00000, 0x00000006c1000000, 0x00000006c1000000|100%| O|  |TAMS 0x00000006c1000000, 0x00000006c0c00000| Untracked 
| 260|0x00000006c1000000, 0x00000006c1400000, 0x00000006c1400000|100%| O|  |TAMS 0x00000006c1400000, 0x00000006c1000000| Untracked 
| 261|0x00000006c1400000, 0x00000006c1800000, 0x00000006c1800000|100%| O|  |TAMS 0x00000006c1800000, 0x00000006c1400000| Untracked 
| 262|0x00000006c1800000, 0x00000006c1c00000, 0x00000006c1c00000|100%| O|  |TAMS 0x00000006c1c00000, 0x00000006c1800000| Untracked 
| 263|0x00000006c1c00000, 0x00000006c2000000, 0x00000006c2000000|100%| O|  |TAMS 0x00000006c2000000, 0x00000006c1c00000| Untracked 
| 264|0x00000006c2000000, 0x00000006c2400000, 0x00000006c2400000|100%| O|  |TAMS 0x00000006c2400000, 0x00000006c2000000| Untracked 
| 265|0x00000006c2400000, 0x00000006c2800000, 0x00000006c2800000|100%| O|  |TAMS 0x00000006c2800000, 0x00000006c2400000| Untracked 
| 266|0x00000006c2800000, 0x00000006c2c00000, 0x00000006c2c00000|100%| O|  |TAMS 0x00000006c2c00000, 0x00000006c2800000| Untracked 
| 267|0x00000006c2c00000, 0x00000006c3000000, 0x00000006c3000000|100%| O|  |TAMS 0x00000006c3000000, 0x00000006c2c00000| Untracked 
| 268|0x00000006c3000000, 0x00000006c3400000, 0x00000006c3400000|100%| O|  |TAMS 0x00000006c3400000, 0x00000006c3000000| Untracked 
| 269|0x00000006c3400000, 0x00000006c3800000, 0x00000006c3800000|100%|HS|  |TAMS 0x00000006c3800000, 0x00000006c3400000| Complete 
| 270|0x00000006c3800000, 0x00000006c3c00000, 0x00000006c3c00000|100%|HC|  |TAMS 0x00000006c3c00000, 0x00000006c3800000| Complete 
| 271|0x00000006c3c00000, 0x00000006c4000000, 0x00000006c4000000|100%|HC|  |TAMS 0x00000006c4000000, 0x00000006c3c00000| Complete 
| 272|0x00000006c4000000, 0x00000006c4400000, 0x00000006c4400000|100%| O|  |TAMS 0x00000006c4400000, 0x00000006c4000000| Untracked 
| 273|0x00000006c4400000, 0x00000006c4800000, 0x00000006c4800000|100%| O|  |TAMS 0x00000006c4800000, 0x00000006c4400000| Untracked 
| 274|0x00000006c4800000, 0x00000006c4c00000, 0x00000006c4c00000|100%|HS|  |TAMS 0x00000006c4c00000, 0x00000006c4800000| Complete 
| 275|0x00000006c4c00000, 0x00000006c5000000, 0x00000006c5000000|100%|HC|  |TAMS 0x00000006c5000000, 0x00000006c4c00000| Complete 
| 276|0x00000006c5000000, 0x00000006c5400000, 0x00000006c5400000|100%| O|  |TAMS 0x00000006c5400000, 0x00000006c5000000| Untracked 
| 277|0x00000006c5400000, 0x00000006c5800000, 0x00000006c5800000|100%| O|  |TAMS 0x00000006c5800000, 0x00000006c5400000| Untracked 
| 278|0x00000006c5800000, 0x00000006c5c00000, 0x00000006c5c00000|100%| O|  |TAMS 0x00000006c5c00000, 0x00000006c5800000| Untracked 
| 279|0x00000006c5c00000, 0x00000006c6000000, 0x00000006c6000000|100%| O|  |TAMS 0x00000006c6000000, 0x00000006c5c00000| Untracked 
| 280|0x00000006c6000000, 0x00000006c6400000, 0x00000006c6400000|100%| O|  |TAMS 0x00000006c6400000, 0x00000006c6000000| Untracked 
| 281|0x00000006c6400000, 0x00000006c6800000, 0x00000006c6800000|100%|HS|  |TAMS 0x00000006c6800000, 0x00000006c6400000| Complete 
| 282|0x00000006c6800000, 0x00000006c6c00000, 0x00000006c6c00000|100%|HC|  |TAMS 0x00000006c6c00000, 0x00000006c6800000| Complete 
| 283|0x00000006c6c00000, 0x00000006c7000000, 0x00000006c7000000|100%|HC|  |TAMS 0x00000006c7000000, 0x00000006c6c00000| Complete 
| 284|0x00000006c7000000, 0x00000006c7400000, 0x00000006c7400000|100%| O|  |TAMS 0x00000006c7400000, 0x00000006c7000000| Untracked 
| 285|0x00000006c7400000, 0x00000006c7800000, 0x00000006c7800000|100%| O|  |TAMS 0x00000006c7800000, 0x00000006c7400000| Untracked 
| 286|0x00000006c7800000, 0x00000006c7c00000, 0x00000006c7c00000|100%|HS|  |TAMS 0x00000006c7c00000, 0x00000006c7800000| Complete 
| 287|0x00000006c7c00000, 0x00000006c8000000, 0x00000006c8000000|100%|HC|  |TAMS 0x00000006c8000000, 0x00000006c7c00000| Complete 
| 288|0x00000006c8000000, 0x00000006c8400000, 0x00000006c8400000|100%| O|  |TAMS 0x00000006c8400000, 0x00000006c8000000| Untracked 
| 289|0x00000006c8400000, 0x00000006c8800000, 0x00000006c8800000|100%| O|  |TAMS 0x00000006c8800000, 0x00000006c8400000| Untracked 
| 290|0x00000006c8800000, 0x00000006c8c00000, 0x00000006c8c00000|100%| O|  |TAMS 0x00000006c8c00000, 0x00000006c8800000| Untracked 
| 291|0x00000006c8c00000, 0x00000006c9000000, 0x00000006c9000000|100%| O|  |TAMS 0x00000006c9000000, 0x00000006c8c00000| Untracked 
| 292|0x00000006c9000000, 0x00000006c9400000, 0x00000006c9400000|100%| O|  |TAMS 0x00000006c9400000, 0x00000006c9000000| Untracked 
| 293|0x00000006c9400000, 0x00000006c9800000, 0x00000006c9800000|100%| O|  |TAMS 0x00000006c9800000, 0x00000006c9400000| Updating 
| 294|0x00000006c9800000, 0x00000006c9c00000, 0x00000006c9c00000|100%|HS|  |TAMS 0x00000006c9c00000, 0x00000006c9800000| Complete 
| 295|0x00000006c9c00000, 0x00000006ca000000, 0x00000006ca000000|100%|HC|  |TAMS 0x00000006ca000000, 0x00000006c9c00000| Complete 
| 296|0x00000006ca000000, 0x00000006ca400000, 0x00000006ca400000|100%|HC|  |TAMS 0x00000006ca400000, 0x00000006ca000000| Complete 
| 297|0x00000006ca400000, 0x00000006ca800000, 0x00000006ca800000|100%| O|  |TAMS 0x00000006ca800000, 0x00000006ca400000| Untracked 
| 298|0x00000006ca800000, 0x00000006cac00000, 0x00000006cac00000|100%| O|  |TAMS 0x00000006cac00000, 0x00000006ca800000| Untracked 
| 299|0x00000006cac00000, 0x00000006cb000000, 0x00000006cb000000|100%| O|  |TAMS 0x00000006cb000000, 0x00000006cac00000| Untracked 
| 300|0x00000006cb000000, 0x00000006cb400000, 0x00000006cb400000|100%| O|  |TAMS 0x00000006cb400000, 0x00000006cb000000| Untracked 
| 301|0x00000006cb400000, 0x00000006cb800000, 0x00000006cb800000|100%|HS|  |TAMS 0x00000006cb800000, 0x00000006cb400000| Complete 
| 302|0x00000006cb800000, 0x00000006cbc00000, 0x00000006cbc00000|100%|HC|  |TAMS 0x00000006cbc00000, 0x00000006cb800000| Complete 
| 303|0x00000006cbc00000, 0x00000006cc000000, 0x00000006cc000000|100%| O|  |TAMS 0x00000006cc000000, 0x00000006cbc00000| Untracked 
| 304|0x00000006cc000000, 0x00000006cc400000, 0x00000006cc400000|100%| O|  |TAMS 0x00000006cc400000, 0x00000006cc000000| Untracked 
| 305|0x00000006cc400000, 0x00000006cc800000, 0x00000006cc800000|100%| O|  |TAMS 0x00000006cc800000, 0x00000006cc400000| Untracked 
| 306|0x00000006cc800000, 0x00000006ccc00000, 0x00000006ccc00000|100%| O|  |TAMS 0x00000006ccc00000, 0x00000006cc800000| Untracked 
| 307|0x00000006ccc00000, 0x00000006cd000000, 0x00000006cd000000|100%| O|  |TAMS 0x00000006cd000000, 0x00000006ccc00000| Untracked 
| 308|0x00000006cd000000, 0x00000006cd400000, 0x00000006cd400000|100%| O|  |TAMS 0x00000006cd400000, 0x00000006cd000000| Untracked 
| 309|0x00000006cd400000, 0x00000006cd800000, 0x00000006cd800000|100%| O|  |TAMS 0x00000006cd800000, 0x00000006cd400000| Untracked 
| 310|0x00000006cd800000, 0x00000006cdc00000, 0x00000006cdc00000|100%| O|  |TAMS 0x00000006cdc00000, 0x00000006cd800000| Untracked 
| 311|0x00000006cdc00000, 0x00000006ce000000, 0x00000006ce000000|100%| O|  |TAMS 0x00000006ce000000, 0x00000006cdc00000| Untracked 
| 312|0x00000006ce000000, 0x00000006ce400000, 0x00000006ce400000|100%| O|  |TAMS 0x00000006ce400000, 0x00000006ce000000| Untracked 
| 313|0x00000006ce400000, 0x00000006ce800000, 0x00000006ce800000|100%| O|  |TAMS 0x00000006ce800000, 0x00000006ce400000| Untracked 
| 314|0x00000006ce800000, 0x00000006cec00000, 0x00000006cec00000|100%| O|  |TAMS 0x00000006cec00000, 0x00000006ce800000| Untracked 
| 315|0x00000006cec00000, 0x00000006cf000000, 0x00000006cf000000|100%| O|  |TAMS 0x00000006cf000000, 0x00000006cec00000| Untracked 
| 316|0x00000006cf000000, 0x00000006cf400000, 0x00000006cf400000|100%| O|  |TAMS 0x00000006cf400000, 0x00000006cf000000| Untracked 
| 317|0x00000006cf400000, 0x00000006cf800000, 0x00000006cf800000|100%| O|  |TAMS 0x00000006cf800000, 0x00000006cf400000| Untracked 
| 318|0x00000006cf800000, 0x00000006cfc00000, 0x00000006cfc00000|100%| O|  |TAMS 0x00000006cfc00000, 0x00000006cf800000| Updating 
| 319|0x00000006cfc00000, 0x00000006d0000000, 0x00000006d0000000|100%| O|  |TAMS 0x00000006d0000000, 0x00000006cfc00000| Updating 
| 320|0x00000006d0000000, 0x00000006d0400000, 0x00000006d0400000|100%| O|  |TAMS 0x00000006d0400000, 0x00000006d0000000| Untracked 
| 321|0x00000006d0400000, 0x00000006d0800000, 0x00000006d0800000|100%| O|  |TAMS 0x00000006d0800000, 0x00000006d0400000| Updating 
| 322|0x00000006d0800000, 0x00000006d0c00000, 0x00000006d0c00000|100%| O|  |TAMS 0x00000006d0c00000, 0x00000006d0800000| Updating 
| 323|0x00000006d0c00000, 0x00000006d1000000, 0x00000006d1000000|100%| O|  |TAMS 0x00000006d1000000, 0x00000006d0c00000| Untracked 
| 324|0x00000006d1000000, 0x00000006d1400000, 0x00000006d1400000|100%| O|  |TAMS 0x00000006d1400000, 0x00000006d1000000| Updating 
| 325|0x00000006d1400000, 0x00000006d1800000, 0x00000006d1800000|100%| O|  |TAMS 0x00000006d1800000, 0x00000006d1400000| Untracked 
| 326|0x00000006d1800000, 0x00000006d1c00000, 0x00000006d1c00000|100%| O|  |TAMS 0x00000006d1c00000, 0x00000006d1800000| Untracked 
| 327|0x00000006d1c00000, 0x00000006d2000000, 0x00000006d2000000|100%| O|  |TAMS 0x00000006d2000000, 0x00000006d1c00000| Untracked 
| 328|0x00000006d2000000, 0x00000006d2400000, 0x00000006d2400000|100%| O|  |TAMS 0x00000006d2400000, 0x00000006d2000000| Untracked 
| 329|0x00000006d2400000, 0x00000006d2800000, 0x00000006d2800000|100%| O|  |TAMS 0x00000006d2800000, 0x00000006d2400000| Untracked 
| 330|0x00000006d2800000, 0x00000006d2c00000, 0x00000006d2c00000|100%| O|  |TAMS 0x00000006d2c00000, 0x00000006d2800000| Untracked 
| 331|0x00000006d2c00000, 0x00000006d3000000, 0x00000006d3000000|100%| O|  |TAMS 0x00000006d3000000, 0x00000006d2c00000| Untracked 
| 332|0x00000006d3000000, 0x00000006d3400000, 0x00000006d3400000|100%| O|  |TAMS 0x00000006d3400000, 0x00000006d3000000| Untracked 
| 333|0x00000006d3400000, 0x00000006d3800000, 0x00000006d3800000|100%| O|  |TAMS 0x00000006d3800000, 0x00000006d3400000| Untracked 
| 334|0x00000006d3800000, 0x00000006d3c00000, 0x00000006d3c00000|100%| O|  |TAMS 0x00000006d3c00000, 0x00000006d3800000| Updating 
| 335|0x00000006d3c00000, 0x00000006d4000000, 0x00000006d4000000|100%| O|  |TAMS 0x00000006d4000000, 0x00000006d3c00000| Updating 
| 336|0x00000006d4000000, 0x00000006d4400000, 0x00000006d4400000|100%| O|  |TAMS 0x00000006d4400000, 0x00000006d4000000| Updating 
| 337|0x00000006d4400000, 0x00000006d4800000, 0x00000006d4800000|100%| O|  |TAMS 0x00000006d4800000, 0x00000006d4400000| Untracked 
| 338|0x00000006d4800000, 0x00000006d4c00000, 0x00000006d4c00000|100%| O|  |TAMS 0x00000006d4c00000, 0x00000006d4800000| Untracked 
| 339|0x00000006d4c00000, 0x00000006d5000000, 0x00000006d5000000|100%| O|  |TAMS 0x00000006d5000000, 0x00000006d4c00000| Untracked 
| 340|0x00000006d5000000, 0x00000006d5400000, 0x00000006d5400000|100%| O|  |TAMS 0x00000006d5400000, 0x00000006d5000000| Untracked 
| 341|0x00000006d5400000, 0x00000006d5800000, 0x00000006d5800000|100%| O|  |TAMS 0x00000006d5800000, 0x00000006d5400000| Untracked 
| 342|0x00000006d5800000, 0x00000006d5c00000, 0x00000006d5c00000|100%| O|  |TAMS 0x00000006d5c00000, 0x00000006d5800000| Updating 
| 343|0x00000006d5c00000, 0x00000006d6000000, 0x00000006d6000000|100%| O|  |TAMS 0x00000006d6000000, 0x00000006d5c00000| Updating 
| 344|0x00000006d6000000, 0x00000006d6400000, 0x00000006d6400000|100%| O|  |TAMS 0x00000006d6400000, 0x00000006d6000000| Untracked 
| 345|0x00000006d6400000, 0x00000006d6800000, 0x00000006d6800000|100%| O|  |TAMS 0x00000006d6800000, 0x00000006d6400000| Untracked 
| 346|0x00000006d6800000, 0x00000006d6c00000, 0x00000006d6c00000|100%| O|  |TAMS 0x00000006d6c00000, 0x00000006d6800000| Untracked 
| 347|0x00000006d6c00000, 0x00000006d7000000, 0x00000006d7000000|100%| O|  |TAMS 0x00000006d7000000, 0x00000006d6c00000| Untracked 
| 348|0x00000006d7000000, 0x00000006d7400000, 0x00000006d7400000|100%| O|  |TAMS 0x00000006d7400000, 0x00000006d7000000| Untracked 
| 349|0x00000006d7400000, 0x00000006d7800000, 0x00000006d7800000|100%| O|  |TAMS 0x00000006d7800000, 0x00000006d7400000| Untracked 
| 350|0x00000006d7800000, 0x00000006d7c00000, 0x00000006d7c00000|100%| O|  |TAMS 0x00000006d7c00000, 0x00000006d7800000| Untracked 
| 351|0x00000006d7c00000, 0x00000006d8000000, 0x00000006d8000000|100%| O|  |TAMS 0x00000006d8000000, 0x00000006d7c00000| Untracked 
| 352|0x00000006d8000000, 0x00000006d8400000, 0x00000006d8400000|100%| O|  |TAMS 0x00000006d8400000, 0x00000006d8000000| Untracked 
| 353|0x00000006d8400000, 0x00000006d8800000, 0x00000006d8800000|100%| O|  |TAMS 0x00000006d8800000, 0x00000006d8400000| Untracked 
| 354|0x00000006d8800000, 0x00000006d8c00000, 0x00000006d8c00000|100%| O|  |TAMS 0x00000006d8c00000, 0x00000006d8800000| Untracked 
| 355|0x00000006d8c00000, 0x00000006d9000000, 0x00000006d9000000|100%| O|  |TAMS 0x00000006d9000000, 0x00000006d8c00000| Untracked 
| 356|0x00000006d9000000, 0x00000006d9400000, 0x00000006d9400000|100%| O|  |TAMS 0x00000006d9400000, 0x00000006d9000000| Untracked 
| 357|0x00000006d9400000, 0x00000006d9800000, 0x00000006d9800000|100%| O|  |TAMS 0x00000006d9800000, 0x00000006d9400000| Untracked 
| 358|0x00000006d9800000, 0x00000006d9c00000, 0x00000006d9c00000|100%| O|  |TAMS 0x00000006d9c00000, 0x00000006d9800000| Untracked 
| 359|0x00000006d9c00000, 0x00000006da000000, 0x00000006da000000|100%| O|  |TAMS 0x00000006da000000, 0x00000006d9c00000| Untracked 
| 360|0x00000006da000000, 0x00000006da400000, 0x00000006da400000|100%| O|  |TAMS 0x00000006da400000, 0x00000006da000000| Updating 
| 361|0x00000006da400000, 0x00000006da800000, 0x00000006da800000|100%| O|  |TAMS 0x00000006da800000, 0x00000006da400000| Updating 
| 362|0x00000006da800000, 0x00000006dac00000, 0x00000006dac00000|100%| O|  |TAMS 0x00000006dac00000, 0x00000006da800000| Updating 
| 363|0x00000006dac00000, 0x00000006db000000, 0x00000006db000000|100%| O|  |TAMS 0x00000006db000000, 0x00000006dac00000| Updating 
| 364|0x00000006db000000, 0x00000006db400000, 0x00000006db400000|100%| O|  |TAMS 0x00000006db400000, 0x00000006db000000| Untracked 
| 365|0x00000006db400000, 0x00000006db800000, 0x00000006db800000|100%| O|  |TAMS 0x00000006db800000, 0x00000006db400000| Untracked 
| 366|0x00000006db800000, 0x00000006dbc00000, 0x00000006dbc00000|100%| O|  |TAMS 0x00000006dbc00000, 0x00000006db800000| Untracked 
| 367|0x00000006dbc00000, 0x00000006dc000000, 0x00000006dc000000|100%| O|  |TAMS 0x00000006dc000000, 0x00000006dbc00000| Untracked 
| 368|0x00000006dc000000, 0x00000006dc400000, 0x00000006dc400000|100%| O|  |TAMS 0x00000006dc400000, 0x00000006dc000000| Untracked 
| 369|0x00000006dc400000, 0x00000006dc800000, 0x00000006dc800000|100%| O|  |TAMS 0x00000006dc800000, 0x00000006dc400000| Untracked 
| 370|0x00000006dc800000, 0x00000006dcc00000, 0x00000006dcc00000|100%| O|  |TAMS 0x00000006dcc00000, 0x00000006dc800000| Untracked 
| 371|0x00000006dcc00000, 0x00000006dd000000, 0x00000006dd000000|100%| O|  |TAMS 0x00000006dd000000, 0x00000006dcc00000| Untracked 
| 372|0x00000006dd000000, 0x00000006dd400000, 0x00000006dd400000|100%| O|  |TAMS 0x00000006dd400000, 0x00000006dd000000| Untracked 
| 373|0x00000006dd400000, 0x00000006dd800000, 0x00000006dd800000|100%| O|  |TAMS 0x00000006dd800000, 0x00000006dd400000| Untracked 
| 374|0x00000006dd800000, 0x00000006ddc00000, 0x00000006ddc00000|100%| O|  |TAMS 0x00000006ddc00000, 0x00000006dd800000| Untracked 
| 375|0x00000006ddc00000, 0x00000006de000000, 0x00000006de000000|100%| O|  |TAMS 0x00000006de000000, 0x00000006ddc00000| Untracked 
| 376|0x00000006de000000, 0x00000006de400000, 0x00000006de400000|100%| O|  |TAMS 0x00000006de400000, 0x00000006de000000| Untracked 
| 377|0x00000006de400000, 0x00000006de800000, 0x00000006de800000|100%| O|  |TAMS 0x00000006de800000, 0x00000006de400000| Untracked 
| 378|0x00000006de800000, 0x00000006dec00000, 0x00000006dec00000|100%| O|  |TAMS 0x00000006dec00000, 0x00000006de800000| Updating 
| 379|0x00000006dec00000, 0x00000006df000000, 0x00000006df000000|100%| O|  |TAMS 0x00000006df000000, 0x00000006dec00000| Updating 
| 380|0x00000006df000000, 0x00000006df400000, 0x00000006df400000|100%| O|  |TAMS 0x00000006df400000, 0x00000006df000000| Updating 
| 381|0x00000006df400000, 0x00000006df800000, 0x00000006df800000|100%| O|  |TAMS 0x00000006df800000, 0x00000006df400000| Untracked 
| 382|0x00000006df800000, 0x00000006dfc00000, 0x00000006dfc00000|100%| O|  |TAMS 0x00000006dfc00000, 0x00000006df800000| Untracked 
| 383|0x00000006dfc00000, 0x00000006e0000000, 0x00000006e0000000|100%| O|  |TAMS 0x00000006e0000000, 0x00000006dfc00000| Untracked 
| 384|0x00000006e0000000, 0x00000006e0400000, 0x00000006e0400000|100%| O|  |TAMS 0x00000006e0400000, 0x00000006e0000000| Untracked 
| 385|0x00000006e0400000, 0x00000006e0800000, 0x00000006e0800000|100%| O|  |TAMS 0x00000006e0800000, 0x00000006e0400000| Untracked 
| 386|0x00000006e0800000, 0x00000006e0c00000, 0x00000006e0c00000|100%| O|  |TAMS 0x00000006e0c00000, 0x00000006e0800000| Untracked 
| 387|0x00000006e0c00000, 0x00000006e1000000, 0x00000006e1000000|100%| O|  |TAMS 0x00000006e1000000, 0x00000006e0c00000| Untracked 
| 388|0x00000006e1000000, 0x00000006e1400000, 0x00000006e1400000|100%| O|  |TAMS 0x00000006e1400000, 0x00000006e1000000| Untracked 
| 389|0x00000006e1400000, 0x00000006e1800000, 0x00000006e1800000|100%| O|  |TAMS 0x00000006e1800000, 0x00000006e1400000| Untracked 
| 390|0x00000006e1800000, 0x00000006e1c00000, 0x00000006e1c00000|100%| O|  |TAMS 0x00000006e1c00000, 0x00000006e1800000| Untracked 
| 391|0x00000006e1c00000, 0x00000006e2000000, 0x00000006e2000000|100%| O|  |TAMS 0x00000006e2000000, 0x00000006e1c00000| Untracked 
| 392|0x00000006e2000000, 0x00000006e2400000, 0x00000006e2400000|100%| O|  |TAMS 0x00000006e2400000, 0x00000006e2000000| Untracked 
| 393|0x00000006e2400000, 0x00000006e2800000, 0x00000006e2800000|100%| O|  |TAMS 0x00000006e2800000, 0x00000006e2400000| Untracked 
| 394|0x00000006e2800000, 0x00000006e2c00000, 0x00000006e2c00000|100%| O|  |TAMS 0x00000006e2c00000, 0x00000006e2800000| Untracked 
| 395|0x00000006e2c00000, 0x00000006e3000000, 0x00000006e3000000|100%| O|  |TAMS 0x00000006e3000000, 0x00000006e2c00000| Untracked 
| 396|0x00000006e3000000, 0x00000006e3400000, 0x00000006e3400000|100%| O|  |TAMS 0x00000006e3400000, 0x00000006e3000000| Untracked 
| 397|0x00000006e3400000, 0x00000006e3800000, 0x00000006e3800000|100%| O|  |TAMS 0x00000006e3800000, 0x00000006e3400000| Untracked 
| 398|0x00000006e3800000, 0x00000006e3c00000, 0x00000006e3c00000|100%| O|  |TAMS 0x00000006e3c00000, 0x00000006e3800000| Untracked 
| 399|0x00000006e3c00000, 0x00000006e4000000, 0x00000006e4000000|100%| O|  |TAMS 0x00000006e4000000, 0x00000006e3c00000| Untracked 
| 400|0x00000006e4000000, 0x00000006e4400000, 0x00000006e4400000|100%| O|  |TAMS 0x00000006e4400000, 0x00000006e4000000| Untracked 
| 401|0x00000006e4400000, 0x00000006e4800000, 0x00000006e4800000|100%| O|  |TAMS 0x00000006e4800000, 0x00000006e4400000| Untracked 
| 402|0x00000006e4800000, 0x00000006e4c00000, 0x00000006e4c00000|100%| O|  |TAMS 0x00000006e4c00000, 0x00000006e4800000| Updating 
| 403|0x00000006e4c00000, 0x00000006e5000000, 0x00000006e5000000|100%| O|  |TAMS 0x00000006e5000000, 0x00000006e4c00000| Updating 
| 404|0x00000006e5000000, 0x00000006e5400000, 0x00000006e5400000|100%| O|  |TAMS 0x00000006e5400000, 0x00000006e5000000| Updating 
| 405|0x00000006e5400000, 0x00000006e5800000, 0x00000006e5800000|100%| O|  |TAMS 0x00000006e5800000, 0x00000006e5400000| Untracked 
| 406|0x00000006e5800000, 0x00000006e5c00000, 0x00000006e5c00000|100%| O|  |TAMS 0x00000006e5c00000, 0x00000006e5800000| Untracked 
| 407|0x00000006e5c00000, 0x00000006e6000000, 0x00000006e6000000|100%| O|  |TAMS 0x00000006e6000000, 0x00000006e5c00000| Untracked 
| 408|0x00000006e6000000, 0x00000006e6400000, 0x00000006e6400000|100%| O|  |TAMS 0x00000006e6400000, 0x00000006e6000000| Untracked 
| 409|0x00000006e6400000, 0x00000006e6800000, 0x00000006e6800000|100%| O|  |TAMS 0x00000006e6800000, 0x00000006e6400000| Untracked 
| 410|0x00000006e6800000, 0x00000006e6c00000, 0x00000006e6c00000|100%| O|  |TAMS 0x00000006e6c00000, 0x00000006e6800000| Untracked 
| 411|0x00000006e6c00000, 0x00000006e7000000, 0x00000006e7000000|100%| O|  |TAMS 0x00000006e7000000, 0x00000006e6c00000| Untracked 
| 412|0x00000006e7000000, 0x00000006e7400000, 0x00000006e7400000|100%| O|  |TAMS 0x00000006e7400000, 0x00000006e7000000| Untracked 
| 413|0x00000006e7400000, 0x00000006e7800000, 0x00000006e7800000|100%| O|  |TAMS 0x00000006e76a8c00, 0x00000006e7400000| Updating 
| 414|0x00000006e7800000, 0x00000006e7c00000, 0x00000006e7c00000|100%| O|  |TAMS 0x00000006e7800000, 0x00000006e7800000| Untracked 
| 415|0x00000006e7c00000, 0x00000006e8000000, 0x00000006e8000000|100%| O|  |TAMS 0x00000006e7c00000, 0x00000006e7c00000| Untracked 
| 416|0x00000006e8000000, 0x00000006e8400000, 0x00000006e8400000|100%| O|  |TAMS 0x00000006e8000000, 0x00000006e8000000| Untracked 
| 417|0x00000006e8400000, 0x00000006e8800000, 0x00000006e8800000|100%| O|  |TAMS 0x00000006e8400000, 0x00000006e8400000| Untracked 
| 418|0x00000006e8800000, 0x00000006e8c00000, 0x00000006e8c00000|100%| O|  |TAMS 0x00000006e8800000, 0x00000006e8800000| Untracked 
| 419|0x00000006e8c00000, 0x00000006e9000000, 0x00000006e9000000|100%| O|  |TAMS 0x00000006e8c00000, 0x00000006e8c00000| Untracked 
| 420|0x00000006e9000000, 0x00000006e9400000, 0x00000006e9400000|100%| O|  |TAMS 0x00000006e9000000, 0x00000006e9000000| Untracked 
| 421|0x00000006e9400000, 0x00000006e9800000, 0x00000006e9800000|100%| O|  |TAMS 0x00000006e9400000, 0x00000006e9400000| Untracked 
| 422|0x00000006e9800000, 0x00000006e9c00000, 0x00000006e9c00000|100%| O|  |TAMS 0x00000006e9800000, 0x00000006e9800000| Untracked 
| 423|0x00000006e9c00000, 0x00000006ea000000, 0x00000006ea000000|100%| O|  |TAMS 0x00000006e9c00000, 0x00000006e9c00000| Untracked 
| 424|0x00000006ea000000, 0x00000006ea400000, 0x00000006ea400000|100%| O|  |TAMS 0x00000006ea000000, 0x00000006ea000000| Untracked 
| 425|0x00000006ea400000, 0x00000006ea800000, 0x00000006ea800000|100%| O|  |TAMS 0x00000006ea400000, 0x00000006ea400000| Untracked 
| 426|0x00000006ea800000, 0x00000006eac00000, 0x00000006eac00000|100%| O|  |TAMS 0x00000006ea800000, 0x00000006ea800000| Untracked 
| 427|0x00000006eac00000, 0x00000006eb000000, 0x00000006eb000000|100%| O|  |TAMS 0x00000006eac00000, 0x00000006eac00000| Untracked 
| 428|0x00000006eb000000, 0x00000006eb400000, 0x00000006eb400000|100%| O|  |TAMS 0x00000006eb000000, 0x00000006eb000000| Untracked 
| 429|0x00000006eb400000, 0x00000006eb800000, 0x00000006eb800000|100%| O|  |TAMS 0x00000006eb400000, 0x00000006eb400000| Untracked 
| 430|0x00000006eb800000, 0x00000006ebc00000, 0x00000006ebc00000|100%| O|  |TAMS 0x00000006eb800000, 0x00000006eb800000| Untracked 
| 431|0x00000006ebc00000, 0x00000006ec000000, 0x00000006ec000000|100%| O|  |TAMS 0x00000006ebc00000, 0x00000006ebc00000| Untracked 
| 432|0x00000006ec000000, 0x00000006ec400000, 0x00000006ec400000|100%| O|  |TAMS 0x00000006ec000000, 0x00000006ec000000| Untracked 
| 433|0x00000006ec400000, 0x00000006ec800000, 0x00000006ec800000|100%| O|  |TAMS 0x00000006ec400000, 0x00000006ec400000| Untracked 
| 434|0x00000006ec800000, 0x00000006ecc00000, 0x00000006ecc00000|100%| O|  |TAMS 0x00000006ec800000, 0x00000006ec800000| Untracked 
| 435|0x00000006ecc00000, 0x00000006ed000000, 0x00000006ed000000|100%| O|  |TAMS 0x00000006ecc00000, 0x00000006ecc00000| Untracked 
| 436|0x00000006ed000000, 0x00000006ed400000, 0x00000006ed400000|100%| O|  |TAMS 0x00000006ed000000, 0x00000006ed000000| Untracked 
| 437|0x00000006ed400000, 0x00000006ed800000, 0x00000006ed800000|100%| O|  |TAMS 0x00000006ed400000, 0x00000006ed400000| Untracked 
| 438|0x00000006ed800000, 0x00000006ed89ba00, 0x00000006edc00000| 15%| O|  |TAMS 0x00000006ed800000, 0x00000006ed800000| Updating 
| 439|0x00000006edc00000, 0x00000006edc00000, 0x00000006ee000000|  0%| F|  |TAMS 0x00000006edc00000, 0x00000006edc00000| Untracked 
| 440|0x00000006ee000000, 0x00000006ee000000, 0x00000006ee400000|  0%| F|  |TAMS 0x00000006ee000000, 0x00000006ee000000| Untracked 
| 441|0x00000006ee400000, 0x00000006ee400000, 0x00000006ee800000|  0%| F|  |TAMS 0x00000006ee400000, 0x00000006ee400000| Untracked 
| 442|0x00000006ee800000, 0x00000006ee800000, 0x00000006eec00000|  0%| F|  |TAMS 0x00000006ee800000, 0x00000006ee800000| Untracked 
| 443|0x00000006eec00000, 0x00000006eec00000, 0x00000006ef000000|  0%| F|  |TAMS 0x00000006eec00000, 0x00000006eec00000| Untracked 
| 444|0x00000006ef000000, 0x00000006ef000000, 0x00000006ef400000|  0%| F|  |TAMS 0x00000006ef000000, 0x00000006ef000000| Untracked 
| 445|0x00000006ef400000, 0x00000006ef400000, 0x00000006ef800000|  0%| F|  |TAMS 0x00000006ef400000, 0x00000006ef400000| Untracked 
| 446|0x00000006ef800000, 0x00000006ef800000, 0x00000006efc00000|  0%| F|  |TAMS 0x00000006ef800000, 0x00000006ef800000| Untracked 
| 447|0x00000006efc00000, 0x00000006efc00000, 0x00000006f0000000|  0%| F|  |TAMS 0x00000006efc00000, 0x00000006efc00000| Untracked 
| 448|0x00000006f0000000, 0x00000006f0000000, 0x00000006f0400000|  0%| F|  |TAMS 0x00000006f0000000, 0x00000006f0000000| Untracked 
| 449|0x00000006f0400000, 0x00000006f0400000, 0x00000006f0800000|  0%| F|  |TAMS 0x00000006f0400000, 0x00000006f0400000| Untracked 
| 450|0x00000006f0800000, 0x00000006f0800000, 0x00000006f0c00000|  0%| F|  |TAMS 0x00000006f0800000, 0x00000006f0800000| Untracked 
| 451|0x00000006f0c00000, 0x00000006f0c00000, 0x00000006f1000000|  0%| F|  |TAMS 0x00000006f0c00000, 0x00000006f0c00000| Untracked 
| 452|0x00000006f1000000, 0x00000006f1000000, 0x00000006f1400000|  0%| F|  |TAMS 0x00000006f1000000, 0x00000006f1000000| Untracked 
| 453|0x00000006f1400000, 0x00000006f1400000, 0x00000006f1800000|  0%| F|  |TAMS 0x00000006f1400000, 0x00000006f1400000| Untracked 
| 454|0x00000006f1800000, 0x00000006f1800000, 0x00000006f1c00000|  0%| F|  |TAMS 0x00000006f1800000, 0x00000006f1800000| Untracked 
| 455|0x00000006f1c00000, 0x00000006f1c00000, 0x00000006f2000000|  0%| F|  |TAMS 0x00000006f1c00000, 0x00000006f1c00000| Untracked 
| 456|0x00000006f2000000, 0x00000006f2000000, 0x00000006f2400000|  0%| F|  |TAMS 0x00000006f2000000, 0x00000006f2000000| Untracked 
| 457|0x00000006f2400000, 0x00000006f2400000, 0x00000006f2800000|  0%| F|  |TAMS 0x00000006f2400000, 0x00000006f2400000| Untracked 
| 458|0x00000006f2800000, 0x00000006f2800000, 0x00000006f2c00000|  0%| F|  |TAMS 0x00000006f2800000, 0x00000006f2800000| Untracked 
| 459|0x00000006f2c00000, 0x00000006f2c00000, 0x00000006f3000000|  0%| F|  |TAMS 0x00000006f2c00000, 0x00000006f2c00000| Untracked 
| 460|0x00000006f3000000, 0x00000006f3000000, 0x00000006f3400000|  0%| F|  |TAMS 0x00000006f3000000, 0x00000006f3000000| Untracked 
| 461|0x00000006f3400000, 0x00000006f3400000, 0x00000006f3800000|  0%| F|  |TAMS 0x00000006f3400000, 0x00000006f3400000| Untracked 
| 462|0x00000006f3800000, 0x00000006f3800000, 0x00000006f3c00000|  0%| F|  |TAMS 0x00000006f3800000, 0x00000006f3800000| Untracked 
| 463|0x00000006f3c00000, 0x00000006f3c00000, 0x00000006f4000000|  0%| F|  |TAMS 0x00000006f3c00000, 0x00000006f3c00000| Untracked 
| 464|0x00000006f4000000, 0x00000006f4000000, 0x00000006f4400000|  0%| F|  |TAMS 0x00000006f4000000, 0x00000006f4000000| Untracked 
| 465|0x00000006f4400000, 0x00000006f4400000, 0x00000006f4800000|  0%| F|  |TAMS 0x00000006f4400000, 0x00000006f4400000| Untracked 
| 466|0x00000006f4800000, 0x00000006f4800000, 0x00000006f4c00000|  0%| F|  |TAMS 0x00000006f4800000, 0x00000006f4800000| Untracked 
| 467|0x00000006f4c00000, 0x00000006f4c00000, 0x00000006f5000000|  0%| F|  |TAMS 0x00000006f4c00000, 0x00000006f4c00000| Untracked 
| 468|0x00000006f5000000, 0x00000006f5000000, 0x00000006f5400000|  0%| F|  |TAMS 0x00000006f5000000, 0x00000006f5000000| Untracked 
| 469|0x00000006f5400000, 0x00000006f5400000, 0x00000006f5800000|  0%| F|  |TAMS 0x00000006f5400000, 0x00000006f5400000| Untracked 
| 470|0x00000006f5800000, 0x00000006f5800000, 0x00000006f5c00000|  0%| F|  |TAMS 0x00000006f5800000, 0x00000006f5800000| Untracked 
| 471|0x00000006f5c00000, 0x00000006f5c00000, 0x00000006f6000000|  0%| F|  |TAMS 0x00000006f5c00000, 0x00000006f5c00000| Untracked 
| 472|0x00000006f6000000, 0x00000006f6000000, 0x00000006f6400000|  0%| F|  |TAMS 0x00000006f6000000, 0x00000006f6000000| Untracked 
| 473|0x00000006f6400000, 0x00000006f6400000, 0x00000006f6800000|  0%| F|  |TAMS 0x00000006f6400000, 0x00000006f6400000| Untracked 
| 474|0x00000006f6800000, 0x00000006f6800000, 0x00000006f6c00000|  0%| F|  |TAMS 0x00000006f6800000, 0x00000006f6800000| Untracked 
| 475|0x00000006f6c00000, 0x00000006f6c00000, 0x00000006f7000000|  0%| F|  |TAMS 0x00000006f6c00000, 0x00000006f6c00000| Untracked 
| 476|0x00000006f7000000, 0x00000006f7000000, 0x00000006f7400000|  0%| F|  |TAMS 0x00000006f7000000, 0x00000006f7000000| Untracked 
| 477|0x00000006f7400000, 0x00000006f7400000, 0x00000006f7800000|  0%| F|  |TAMS 0x00000006f7400000, 0x00000006f7400000| Untracked 
| 478|0x00000006f7800000, 0x00000006f7800000, 0x00000006f7c00000|  0%| F|  |TAMS 0x00000006f7800000, 0x00000006f7800000| Untracked 
| 479|0x00000006f7c00000, 0x00000006f7c00000, 0x00000006f8000000|  0%| F|  |TAMS 0x00000006f7c00000, 0x00000006f7c00000| Untracked 
| 480|0x00000006f8000000, 0x00000006f8000000, 0x00000006f8400000|  0%| F|  |TAMS 0x00000006f8000000, 0x00000006f8000000| Untracked 
| 481|0x00000006f8400000, 0x00000006f8400000, 0x00000006f8800000|  0%| F|  |TAMS 0x00000006f8400000, 0x00000006f8400000| Untracked 
| 482|0x00000006f8800000, 0x00000006f8800000, 0x00000006f8c00000|  0%| F|  |TAMS 0x00000006f8800000, 0x00000006f8800000| Untracked 
| 483|0x00000006f8c00000, 0x00000006f8c00000, 0x00000006f9000000|  0%| F|  |TAMS 0x00000006f8c00000, 0x00000006f8c00000| Untracked 
| 484|0x00000006f9000000, 0x00000006f9000000, 0x00000006f9400000|  0%| F|  |TAMS 0x00000006f9000000, 0x00000006f9000000| Untracked 
| 485|0x00000006f9400000, 0x00000006f9400000, 0x00000006f9800000|  0%| F|  |TAMS 0x00000006f9400000, 0x00000006f9400000| Untracked 
| 486|0x00000006f9800000, 0x00000006f9800000, 0x00000006f9c00000|  0%| F|  |TAMS 0x00000006f9800000, 0x00000006f9800000| Untracked 
| 487|0x00000006f9c00000, 0x00000006f9c00000, 0x00000006fa000000|  0%| F|  |TAMS 0x00000006f9c00000, 0x00000006f9c00000| Untracked 
| 488|0x00000006fa000000, 0x00000006fa000000, 0x00000006fa400000|  0%| F|  |TAMS 0x00000006fa000000, 0x00000006fa000000| Untracked 
| 489|0x00000006fa400000, 0x00000006fa400000, 0x00000006fa800000|  0%| F|  |TAMS 0x00000006fa400000, 0x00000006fa400000| Untracked 
| 490|0x00000006fa800000, 0x00000006fa800000, 0x00000006fac00000|  0%| F|  |TAMS 0x00000006fa800000, 0x00000006fa800000| Untracked 
| 491|0x00000006fac00000, 0x00000006fac00000, 0x00000006fb000000|  0%| F|  |TAMS 0x00000006fac00000, 0x00000006fac00000| Untracked 
| 492|0x00000006fb000000, 0x00000006fb000000, 0x00000006fb400000|  0%| F|  |TAMS 0x00000006fb000000, 0x00000006fb000000| Untracked 
| 493|0x00000006fb400000, 0x00000006fb400000, 0x00000006fb800000|  0%| F|  |TAMS 0x00000006fb400000, 0x00000006fb400000| Untracked 
| 494|0x00000006fb800000, 0x00000006fb800000, 0x00000006fbc00000|  0%| F|  |TAMS 0x00000006fb800000, 0x00000006fb800000| Untracked 
| 495|0x00000006fbc00000, 0x00000006fbc00000, 0x00000006fc000000|  0%| F|  |TAMS 0x00000006fbc00000, 0x00000006fbc00000| Untracked 
| 496|0x00000006fc000000, 0x00000006fc000000, 0x00000006fc400000|  0%| F|  |TAMS 0x00000006fc000000, 0x00000006fc000000| Untracked 
| 497|0x00000006fc400000, 0x00000006fc400000, 0x00000006fc800000|  0%| F|  |TAMS 0x00000006fc400000, 0x00000006fc400000| Untracked 
| 498|0x00000006fc800000, 0x00000006fc800000, 0x00000006fcc00000|  0%| F|  |TAMS 0x00000006fc800000, 0x00000006fc800000| Untracked 
| 499|0x00000006fcc00000, 0x00000006fcc00000, 0x00000006fd000000|  0%| F|  |TAMS 0x00000006fcc00000, 0x00000006fcc00000| Untracked 
| 500|0x00000006fd000000, 0x00000006fd000000, 0x00000006fd400000|  0%| F|  |TAMS 0x00000006fd000000, 0x00000006fd000000| Untracked 
| 501|0x00000006fd400000, 0x00000006fd400000, 0x00000006fd800000|  0%| F|  |TAMS 0x00000006fd400000, 0x00000006fd400000| Untracked 
| 502|0x00000006fd800000, 0x00000006fd800000, 0x00000006fdc00000|  0%| F|  |TAMS 0x00000006fd800000, 0x00000006fd800000| Untracked 
| 503|0x00000006fdc00000, 0x00000006fdc00000, 0x00000006fe000000|  0%| F|  |TAMS 0x00000006fdc00000, 0x00000006fdc00000| Untracked 
| 504|0x00000006fe000000, 0x00000006fe000000, 0x00000006fe400000|  0%| F|  |TAMS 0x00000006fe000000, 0x00000006fe000000| Untracked 
| 505|0x00000006fe400000, 0x00000006fe400000, 0x00000006fe800000|  0%| F|  |TAMS 0x00000006fe400000, 0x00000006fe400000| Untracked 
| 506|0x00000006fe800000, 0x00000006fe800000, 0x00000006fec00000|  0%| F|  |TAMS 0x00000006fe800000, 0x00000006fe800000| Untracked 
| 507|0x00000006fec00000, 0x00000006fec00000, 0x00000006ff000000|  0%| F|  |TAMS 0x00000006fec00000, 0x00000006fec00000| Untracked 
| 508|0x00000006ff000000, 0x00000006ff000000, 0x00000006ff400000|  0%| F|  |TAMS 0x00000006ff000000, 0x00000006ff000000| Untracked 
| 509|0x00000006ff400000, 0x00000006ff400000, 0x00000006ff800000|  0%| F|  |TAMS 0x00000006ff400000, 0x00000006ff400000| Untracked 
| 510|0x00000006ff800000, 0x00000006ff800000, 0x00000006ffc00000|  0%| F|  |TAMS 0x00000006ff800000, 0x00000006ff800000| Untracked 
| 511|0x00000006ffc00000, 0x00000006ffc00000, 0x0000000700000000|  0%| F|  |TAMS 0x00000006ffc00000, 0x00000006ffc00000| Untracked 
| 512|0x0000000700000000, 0x0000000700000000, 0x0000000700400000|  0%| F|  |TAMS 0x0000000700000000, 0x0000000700000000| Untracked 
| 513|0x0000000700400000, 0x0000000700400000, 0x0000000700800000|  0%| F|  |TAMS 0x0000000700400000, 0x0000000700400000| Untracked 
| 514|0x0000000700800000, 0x0000000700800000, 0x0000000700c00000|  0%| F|  |TAMS 0x0000000700800000, 0x0000000700800000| Untracked 
| 515|0x0000000700c00000, 0x0000000700c00000, 0x0000000701000000|  0%| F|  |TAMS 0x0000000700c00000, 0x0000000700c00000| Untracked 
| 516|0x0000000701000000, 0x0000000701000000, 0x0000000701400000|  0%| F|  |TAMS 0x0000000701000000, 0x0000000701000000| Untracked 
| 517|0x0000000701400000, 0x0000000701400000, 0x0000000701800000|  0%| F|  |TAMS 0x0000000701400000, 0x0000000701400000| Untracked 
| 518|0x0000000701800000, 0x0000000701800000, 0x0000000701c00000|  0%| F|  |TAMS 0x0000000701800000, 0x0000000701800000| Untracked 
| 519|0x0000000701c00000, 0x0000000701c00000, 0x0000000702000000|  0%| F|  |TAMS 0x0000000701c00000, 0x0000000701c00000| Untracked 
| 520|0x0000000702000000, 0x0000000702400000, 0x0000000702400000|100%| S|CS|TAMS 0x0000000702000000, 0x0000000702000000| Complete 
| 521|0x0000000702400000, 0x0000000702800000, 0x0000000702800000|100%| S|CS|TAMS 0x0000000702400000, 0x0000000702400000| Complete 
| 522|0x0000000702800000, 0x0000000702c00000, 0x0000000702c00000|100%| S|CS|TAMS 0x0000000702800000, 0x0000000702800000| Complete 
| 523|0x0000000702c00000, 0x0000000703000000, 0x0000000703000000|100%| S|CS|TAMS 0x0000000702c00000, 0x0000000702c00000| Complete 
| 524|0x0000000703000000, 0x0000000703400000, 0x0000000703400000|100%| S|CS|TAMS 0x0000000703000000, 0x0000000703000000| Complete 
| 525|0x0000000703400000, 0x0000000703800000, 0x0000000703800000|100%| S|CS|TAMS 0x0000000703400000, 0x0000000703400000| Complete 
| 526|0x0000000703800000, 0x0000000703800000, 0x0000000703c00000|  0%| F|  |TAMS 0x0000000703800000, 0x0000000703800000| Untracked 
| 527|0x0000000703c00000, 0x0000000703c00000, 0x0000000704000000|  0%| F|  |TAMS 0x0000000703c00000, 0x0000000703c00000| Untracked 
| 528|0x0000000704000000, 0x0000000704000000, 0x0000000704400000|  0%| F|  |TAMS 0x0000000704000000, 0x0000000704000000| Untracked 
| 529|0x0000000704400000, 0x0000000704400000, 0x0000000704800000|  0%| F|  |TAMS 0x0000000704400000, 0x0000000704400000| Untracked 
| 530|0x0000000704800000, 0x0000000704800000, 0x0000000704c00000|  0%| F|  |TAMS 0x0000000704800000, 0x0000000704800000| Untracked 
| 531|0x0000000704c00000, 0x0000000704c00000, 0x0000000705000000|  0%| F|  |TAMS 0x0000000704c00000, 0x0000000704c00000| Untracked 
| 532|0x0000000705000000, 0x0000000705000000, 0x0000000705400000|  0%| F|  |TAMS 0x0000000705000000, 0x0000000705000000| Untracked 
| 533|0x0000000705400000, 0x0000000705400000, 0x0000000705800000|  0%| F|  |TAMS 0x0000000705400000, 0x0000000705400000| Untracked 
| 534|0x0000000705800000, 0x0000000705800000, 0x0000000705c00000|  0%| F|  |TAMS 0x0000000705800000, 0x0000000705800000| Untracked 
| 535|0x0000000705c00000, 0x0000000705c00000, 0x0000000706000000|  0%| F|  |TAMS 0x0000000705c00000, 0x0000000705c00000| Untracked 
| 536|0x0000000706000000, 0x0000000706000000, 0x0000000706400000|  0%| F|  |TAMS 0x0000000706000000, 0x0000000706000000| Untracked 
| 537|0x0000000706400000, 0x0000000706400000, 0x0000000706800000|  0%| F|  |TAMS 0x0000000706400000, 0x0000000706400000| Untracked 
| 538|0x0000000706800000, 0x0000000706800000, 0x0000000706c00000|  0%| F|  |TAMS 0x0000000706800000, 0x0000000706800000| Untracked 
| 539|0x0000000706c00000, 0x0000000706c00000, 0x0000000707000000|  0%| F|  |TAMS 0x0000000706c00000, 0x0000000706c00000| Untracked 
| 540|0x0000000707000000, 0x0000000707400000, 0x0000000707400000|100%| S|CS|TAMS 0x0000000707000000, 0x0000000707000000| Complete 
| 541|0x0000000707400000, 0x0000000707800000, 0x0000000707800000|100%| S|CS|TAMS 0x0000000707400000, 0x0000000707400000| Complete 
| 542|0x0000000707800000, 0x0000000707c00000, 0x0000000707c00000|100%| S|CS|TAMS 0x0000000707800000, 0x0000000707800000| Complete 
| 543|0x0000000707c00000, 0x0000000708000000, 0x0000000708000000|100%| S|CS|TAMS 0x0000000707c00000, 0x0000000707c00000| Complete 
| 544|0x0000000708000000, 0x0000000708400000, 0x0000000708400000|100%| S|CS|TAMS 0x0000000708000000, 0x0000000708000000| Complete 
| 545|0x0000000708400000, 0x0000000708800000, 0x0000000708800000|100%| S|CS|TAMS 0x0000000708400000, 0x0000000708400000| Complete 
| 546|0x0000000708800000, 0x0000000708c00000, 0x0000000708c00000|100%| S|CS|TAMS 0x0000000708800000, 0x0000000708800000| Complete 
| 547|0x0000000708c00000, 0x0000000709000000, 0x0000000709000000|100%| S|CS|TAMS 0x0000000708c00000, 0x0000000708c00000| Complete 
| 548|0x0000000709000000, 0x0000000709400000, 0x0000000709400000|100%| S|CS|TAMS 0x0000000709000000, 0x0000000709000000| Complete 
| 549|0x0000000709400000, 0x0000000709800000, 0x0000000709800000|100%| S|CS|TAMS 0x0000000709400000, 0x0000000709400000| Complete 
| 550|0x0000000709800000, 0x0000000709c00000, 0x0000000709c00000|100%| S|CS|TAMS 0x0000000709800000, 0x0000000709800000| Complete 
| 551|0x0000000709c00000, 0x000000070a000000, 0x000000070a000000|100%| S|CS|TAMS 0x0000000709c00000, 0x0000000709c00000| Complete 
| 552|0x000000070a000000, 0x000000070a400000, 0x000000070a400000|100%| S|CS|TAMS 0x000000070a000000, 0x000000070a000000| Complete 
| 553|0x000000070a400000, 0x000000070a800000, 0x000000070a800000|100%| S|CS|TAMS 0x000000070a400000, 0x000000070a400000| Complete 
| 554|0x000000070a800000, 0x000000070ac00000, 0x000000070ac00000|100%| S|CS|TAMS 0x000000070a800000, 0x000000070a800000| Complete 
| 555|0x000000070ac00000, 0x000000070b000000, 0x000000070b000000|100%| S|CS|TAMS 0x000000070ac00000, 0x000000070ac00000| Complete 
| 556|0x000000070b000000, 0x000000070b400000, 0x000000070b400000|100%| S|CS|TAMS 0x000000070b000000, 0x000000070b000000| Complete 
| 557|0x000000070b400000, 0x000000070b800000, 0x000000070b800000|100%| S|CS|TAMS 0x000000070b400000, 0x000000070b400000| Complete 
| 558|0x000000070b800000, 0x000000070b800000, 0x000000070bc00000|  0%| F|  |TAMS 0x000000070b800000, 0x000000070b800000| Untracked 
| 559|0x000000070bc00000, 0x000000070bc00000, 0x000000070c000000|  0%| F|  |TAMS 0x000000070bc00000, 0x000000070bc00000| Untracked 
| 560|0x000000070c000000, 0x000000070c000000, 0x000000070c400000|  0%| F|  |TAMS 0x000000070c000000, 0x000000070c000000| Untracked 
| 561|0x000000070c400000, 0x000000070c400000, 0x000000070c800000|  0%| F|  |TAMS 0x000000070c400000, 0x000000070c400000| Untracked 
| 562|0x000000070c800000, 0x000000070c800000, 0x000000070cc00000|  0%| F|  |TAMS 0x000000070c800000, 0x000000070c800000| Untracked 
| 563|0x000000070cc00000, 0x000000070cc00000, 0x000000070d000000|  0%| F|  |TAMS 0x000000070cc00000, 0x000000070cc00000| Untracked 
| 564|0x000000070d000000, 0x000000070d000000, 0x000000070d400000|  0%| F|  |TAMS 0x000000070d000000, 0x000000070d000000| Untracked 
| 565|0x000000070d400000, 0x000000070d400000, 0x000000070d800000|  0%| F|  |TAMS 0x000000070d400000, 0x000000070d400000| Untracked 
| 566|0x000000070d800000, 0x000000070d800000, 0x000000070dc00000|  0%| F|  |TAMS 0x000000070d800000, 0x000000070d800000| Untracked 
| 567|0x000000070dc00000, 0x000000070dc00000, 0x000000070e000000|  0%| F|  |TAMS 0x000000070dc00000, 0x000000070dc00000| Untracked 
| 568|0x000000070e000000, 0x000000070e000000, 0x000000070e400000|  0%| F|  |TAMS 0x000000070e000000, 0x000000070e000000| Untracked 
| 569|0x000000070e400000, 0x000000070e400000, 0x000000070e800000|  0%| F|  |TAMS 0x000000070e400000, 0x000000070e400000| Untracked 
| 570|0x000000070e800000, 0x000000070e800000, 0x000000070ec00000|  0%| F|  |TAMS 0x000000070e800000, 0x000000070e800000| Untracked 
| 571|0x000000070ec00000, 0x000000070ec00000, 0x000000070f000000|  0%| F|  |TAMS 0x000000070ec00000, 0x000000070ec00000| Untracked 
| 572|0x000000070f000000, 0x000000070f000000, 0x000000070f400000|  0%| F|  |TAMS 0x000000070f000000, 0x000000070f000000| Untracked 
| 573|0x000000070f400000, 0x000000070f400000, 0x000000070f800000|  0%| F|  |TAMS 0x000000070f400000, 0x000000070f400000| Untracked 
| 574|0x000000070f800000, 0x000000070f800000, 0x000000070fc00000|  0%| F|  |TAMS 0x000000070f800000, 0x000000070f800000| Untracked 
| 575|0x000000070fc00000, 0x000000070fc00000, 0x0000000710000000|  0%| F|  |TAMS 0x000000070fc00000, 0x000000070fc00000| Untracked 
| 576|0x0000000710000000, 0x0000000710000000, 0x0000000710400000|  0%| F|  |TAMS 0x0000000710000000, 0x0000000710000000| Untracked 
| 577|0x0000000710400000, 0x0000000710400000, 0x0000000710800000|  0%| F|  |TAMS 0x0000000710400000, 0x0000000710400000| Untracked 
| 578|0x0000000710800000, 0x0000000710800000, 0x0000000710c00000|  0%| F|  |TAMS 0x0000000710800000, 0x0000000710800000| Untracked 
| 579|0x0000000710c00000, 0x0000000710c00000, 0x0000000711000000|  0%| F|  |TAMS 0x0000000710c00000, 0x0000000710c00000| Untracked 
| 580|0x0000000711000000, 0x0000000711000000, 0x0000000711400000|  0%| F|  |TAMS 0x0000000711000000, 0x0000000711000000| Untracked 
| 581|0x0000000711400000, 0x0000000711400000, 0x0000000711800000|  0%| F|  |TAMS 0x0000000711400000, 0x0000000711400000| Untracked 
| 582|0x0000000711800000, 0x0000000711800000, 0x0000000711c00000|  0%| F|  |TAMS 0x0000000711800000, 0x0000000711800000| Untracked 
| 583|0x0000000711c00000, 0x0000000711c00000, 0x0000000712000000|  0%| F|  |TAMS 0x0000000711c00000, 0x0000000711c00000| Untracked 
| 584|0x0000000712000000, 0x0000000712000000, 0x0000000712400000|  0%| F|  |TAMS 0x0000000712000000, 0x0000000712000000| Untracked 
| 585|0x0000000712400000, 0x0000000712400000, 0x0000000712800000|  0%| F|  |TAMS 0x0000000712400000, 0x0000000712400000| Untracked 
| 586|0x0000000712800000, 0x0000000712800000, 0x0000000712c00000|  0%| F|  |TAMS 0x0000000712800000, 0x0000000712800000| Untracked 
| 587|0x0000000712c00000, 0x0000000712c00000, 0x0000000713000000|  0%| F|  |TAMS 0x0000000712c00000, 0x0000000712c00000| Untracked 
| 588|0x0000000713000000, 0x0000000713000000, 0x0000000713400000|  0%| F|  |TAMS 0x0000000713000000, 0x0000000713000000| Untracked 
| 589|0x0000000713400000, 0x0000000713400000, 0x0000000713800000|  0%| F|  |TAMS 0x0000000713400000, 0x0000000713400000| Untracked 
| 590|0x0000000713800000, 0x0000000713800000, 0x0000000713c00000|  0%| F|  |TAMS 0x0000000713800000, 0x0000000713800000| Untracked 
| 591|0x0000000713c00000, 0x0000000713c00000, 0x0000000714000000|  0%| F|  |TAMS 0x0000000713c00000, 0x0000000713c00000| Untracked 
| 592|0x0000000714000000, 0x0000000714000000, 0x0000000714400000|  0%| F|  |TAMS 0x0000000714000000, 0x0000000714000000| Untracked 
| 593|0x0000000714400000, 0x0000000714400000, 0x0000000714800000|  0%| F|  |TAMS 0x0000000714400000, 0x0000000714400000| Untracked 
| 594|0x0000000714800000, 0x0000000714800000, 0x0000000714c00000|  0%| F|  |TAMS 0x0000000714800000, 0x0000000714800000| Untracked 
| 595|0x0000000714c00000, 0x0000000714c00000, 0x0000000715000000|  0%| F|  |TAMS 0x0000000714c00000, 0x0000000714c00000| Untracked 
| 596|0x0000000715000000, 0x0000000715000000, 0x0000000715400000|  0%| F|  |TAMS 0x0000000715000000, 0x0000000715000000| Untracked 
| 597|0x0000000715400000, 0x0000000715400000, 0x0000000715800000|  0%| F|  |TAMS 0x0000000715400000, 0x0000000715400000| Untracked 
| 598|0x0000000715800000, 0x0000000715800000, 0x0000000715c00000|  0%| F|  |TAMS 0x0000000715800000, 0x0000000715800000| Untracked 
| 599|0x0000000715c00000, 0x0000000715c00000, 0x0000000716000000|  0%| F|  |TAMS 0x0000000715c00000, 0x0000000715c00000| Untracked 
| 600|0x0000000716000000, 0x0000000716000000, 0x0000000716400000|  0%| F|  |TAMS 0x0000000716000000, 0x0000000716000000| Untracked 
| 601|0x0000000716400000, 0x0000000716400000, 0x0000000716800000|  0%| F|  |TAMS 0x0000000716400000, 0x0000000716400000| Untracked 
| 602|0x0000000716800000, 0x0000000716800000, 0x0000000716c00000|  0%| F|  |TAMS 0x0000000716800000, 0x0000000716800000| Untracked 
| 603|0x0000000716c00000, 0x0000000716c00000, 0x0000000717000000|  0%| F|  |TAMS 0x0000000716c00000, 0x0000000716c00000| Untracked 
| 604|0x0000000717000000, 0x0000000717000000, 0x0000000717400000|  0%| F|  |TAMS 0x0000000717000000, 0x0000000717000000| Untracked 
| 605|0x0000000717400000, 0x0000000717400000, 0x0000000717800000|  0%| F|  |TAMS 0x0000000717400000, 0x0000000717400000| Untracked 
| 606|0x0000000717800000, 0x0000000717800000, 0x0000000717c00000|  0%| F|  |TAMS 0x0000000717800000, 0x0000000717800000| Untracked 
| 607|0x0000000717c00000, 0x0000000717c00000, 0x0000000718000000|  0%| F|  |TAMS 0x0000000717c00000, 0x0000000717c00000| Untracked 
| 608|0x0000000718000000, 0x0000000718000000, 0x0000000718400000|  0%| F|  |TAMS 0x0000000718000000, 0x0000000718000000| Untracked 
| 609|0x0000000718400000, 0x0000000718400000, 0x0000000718800000|  0%| F|  |TAMS 0x0000000718400000, 0x0000000718400000| Untracked 
| 610|0x0000000718800000, 0x0000000718800000, 0x0000000718c00000|  0%| F|  |TAMS 0x0000000718800000, 0x0000000718800000| Untracked 
| 611|0x0000000718c00000, 0x0000000718c00000, 0x0000000719000000|  0%| F|  |TAMS 0x0000000718c00000, 0x0000000718c00000| Untracked 
| 612|0x0000000719000000, 0x0000000719000000, 0x0000000719400000|  0%| F|  |TAMS 0x0000000719000000, 0x0000000719000000| Untracked 
| 613|0x0000000719400000, 0x0000000719400000, 0x0000000719800000|  0%| F|  |TAMS 0x0000000719400000, 0x0000000719400000| Untracked 
| 614|0x0000000719800000, 0x0000000719800000, 0x0000000719c00000|  0%| F|  |TAMS 0x0000000719800000, 0x0000000719800000| Untracked 
| 615|0x0000000719c00000, 0x0000000719c00000, 0x000000071a000000|  0%| F|  |TAMS 0x0000000719c00000, 0x0000000719c00000| Untracked 
| 616|0x000000071a000000, 0x000000071a000000, 0x000000071a400000|  0%| F|  |TAMS 0x000000071a000000, 0x000000071a000000| Untracked 
| 617|0x000000071a400000, 0x000000071a400000, 0x000000071a800000|  0%| F|  |TAMS 0x000000071a400000, 0x000000071a400000| Untracked 
| 618|0x000000071a800000, 0x000000071a800000, 0x000000071ac00000|  0%| F|  |TAMS 0x000000071a800000, 0x000000071a800000| Untracked 
| 619|0x000000071ac00000, 0x000000071ac00000, 0x000000071b000000|  0%| F|  |TAMS 0x000000071ac00000, 0x000000071ac00000| Untracked 
| 620|0x000000071b000000, 0x000000071b000000, 0x000000071b400000|  0%| F|  |TAMS 0x000000071b000000, 0x000000071b000000| Untracked 
| 621|0x000000071b400000, 0x000000071b400000, 0x000000071b800000|  0%| F|  |TAMS 0x000000071b400000, 0x000000071b400000| Untracked 
| 622|0x000000071b800000, 0x000000071b800000, 0x000000071bc00000|  0%| F|  |TAMS 0x000000071b800000, 0x000000071b800000| Untracked 
| 623|0x000000071bc00000, 0x000000071bc00000, 0x000000071c000000|  0%| F|  |TAMS 0x000000071bc00000, 0x000000071bc00000| Untracked 
| 624|0x000000071c000000, 0x000000071c000000, 0x000000071c400000|  0%| F|  |TAMS 0x000000071c000000, 0x000000071c000000| Untracked 
| 625|0x000000071c400000, 0x000000071c400000, 0x000000071c800000|  0%| F|  |TAMS 0x000000071c400000, 0x000000071c400000| Untracked 
| 626|0x000000071c800000, 0x000000071c800000, 0x000000071cc00000|  0%| F|  |TAMS 0x000000071c800000, 0x000000071c800000| Untracked 
| 627|0x000000071cc00000, 0x000000071cc00000, 0x000000071d000000|  0%| F|  |TAMS 0x000000071cc00000, 0x000000071cc00000| Untracked 
| 628|0x000000071d000000, 0x000000071d000000, 0x000000071d400000|  0%| F|  |TAMS 0x000000071d000000, 0x000000071d000000| Untracked 
| 629|0x000000071d400000, 0x000000071d400000, 0x000000071d800000|  0%| F|  |TAMS 0x000000071d400000, 0x000000071d400000| Untracked 
| 630|0x000000071d800000, 0x000000071d800000, 0x000000071dc00000|  0%| F|  |TAMS 0x000000071d800000, 0x000000071d800000| Untracked 
| 631|0x000000071dc00000, 0x000000071dc00000, 0x000000071e000000|  0%| F|  |TAMS 0x000000071dc00000, 0x000000071dc00000| Untracked 
| 632|0x000000071e000000, 0x000000071e000000, 0x000000071e400000|  0%| F|  |TAMS 0x000000071e000000, 0x000000071e000000| Untracked 
| 633|0x000000071e400000, 0x000000071e400000, 0x000000071e800000|  0%| F|  |TAMS 0x000000071e400000, 0x000000071e400000| Untracked 
| 634|0x000000071e800000, 0x000000071e800000, 0x000000071ec00000|  0%| F|  |TAMS 0x000000071e800000, 0x000000071e800000| Untracked 
| 635|0x000000071ec00000, 0x000000071ec00000, 0x000000071f000000|  0%| F|  |TAMS 0x000000071ec00000, 0x000000071ec00000| Untracked 
| 636|0x000000071f000000, 0x000000071f000000, 0x000000071f400000|  0%| F|  |TAMS 0x000000071f000000, 0x000000071f000000| Untracked 
| 637|0x000000071f400000, 0x000000071f400000, 0x000000071f800000|  0%| F|  |TAMS 0x000000071f400000, 0x000000071f400000| Untracked 
| 638|0x000000071f800000, 0x000000071f800000, 0x000000071fc00000|  0%| F|  |TAMS 0x000000071f800000, 0x000000071f800000| Untracked 
| 639|0x000000071fc00000, 0x000000071fc00000, 0x0000000720000000|  0%| F|  |TAMS 0x000000071fc00000, 0x000000071fc00000| Untracked 
| 640|0x0000000720000000, 0x0000000720000000, 0x0000000720400000|  0%| F|  |TAMS 0x0000000720000000, 0x0000000720000000| Untracked 
| 641|0x0000000720400000, 0x0000000720400000, 0x0000000720800000|  0%| F|  |TAMS 0x0000000720400000, 0x0000000720400000| Untracked 
| 642|0x0000000720800000, 0x0000000720800000, 0x0000000720c00000|  0%| F|  |TAMS 0x0000000720800000, 0x0000000720800000| Untracked 
| 643|0x0000000720c00000, 0x0000000720c00000, 0x0000000721000000|  0%| F|  |TAMS 0x0000000720c00000, 0x0000000720c00000| Untracked 
| 644|0x0000000721000000, 0x0000000721000000, 0x0000000721400000|  0%| F|  |TAMS 0x0000000721000000, 0x0000000721000000| Untracked 
| 645|0x0000000721400000, 0x0000000721400000, 0x0000000721800000|  0%| F|  |TAMS 0x0000000721400000, 0x0000000721400000| Untracked 
| 646|0x0000000721800000, 0x0000000721800000, 0x0000000721c00000|  0%| F|  |TAMS 0x0000000721800000, 0x0000000721800000| Untracked 
| 647|0x0000000721c00000, 0x0000000721c00000, 0x0000000722000000|  0%| F|  |TAMS 0x0000000721c00000, 0x0000000721c00000| Untracked 
| 648|0x0000000722000000, 0x0000000722000000, 0x0000000722400000|  0%| F|  |TAMS 0x0000000722000000, 0x0000000722000000| Untracked 
| 649|0x0000000722400000, 0x0000000722400000, 0x0000000722800000|  0%| F|  |TAMS 0x0000000722400000, 0x0000000722400000| Untracked 
| 650|0x0000000722800000, 0x0000000722800000, 0x0000000722c00000|  0%| F|  |TAMS 0x0000000722800000, 0x0000000722800000| Untracked 
| 651|0x0000000722c00000, 0x0000000722c00000, 0x0000000723000000|  0%| F|  |TAMS 0x0000000722c00000, 0x0000000722c00000| Untracked 
| 652|0x0000000723000000, 0x0000000723000000, 0x0000000723400000|  0%| F|  |TAMS 0x0000000723000000, 0x0000000723000000| Untracked 
| 653|0x0000000723400000, 0x0000000723400000, 0x0000000723800000|  0%| F|  |TAMS 0x0000000723400000, 0x0000000723400000| Untracked 
| 654|0x0000000723800000, 0x0000000723800000, 0x0000000723c00000|  0%| F|  |TAMS 0x0000000723800000, 0x0000000723800000| Untracked 
| 655|0x0000000723c00000, 0x0000000723c00000, 0x0000000724000000|  0%| F|  |TAMS 0x0000000723c00000, 0x0000000723c00000| Untracked 
| 656|0x0000000724000000, 0x0000000724000000, 0x0000000724400000|  0%| F|  |TAMS 0x0000000724000000, 0x0000000724000000| Untracked 
| 657|0x0000000724400000, 0x0000000724600800, 0x0000000724800000| 50%| E|  |TAMS 0x0000000724400000, 0x0000000724400000| Complete 
| 658|0x0000000724800000, 0x0000000724c00000, 0x0000000724c00000|100%| E|CS|TAMS 0x0000000724800000, 0x0000000724800000| Complete 
| 659|0x0000000724c00000, 0x0000000725000000, 0x0000000725000000|100%| E|CS|TAMS 0x0000000724c00000, 0x0000000724c00000| Complete 
| 660|0x0000000725000000, 0x0000000725400000, 0x0000000725400000|100%| E|CS|TAMS 0x0000000725000000, 0x0000000725000000| Complete 
| 661|0x0000000725400000, 0x0000000725800000, 0x0000000725800000|100%| E|CS|TAMS 0x0000000725400000, 0x0000000725400000| Complete 
| 662|0x0000000725800000, 0x0000000725c00000, 0x0000000725c00000|100%| E|CS|TAMS 0x0000000725800000, 0x0000000725800000| Complete 
| 663|0x0000000725c00000, 0x0000000726000000, 0x0000000726000000|100%| E|CS|TAMS 0x0000000725c00000, 0x0000000725c00000| Complete 
| 664|0x0000000726000000, 0x0000000726400000, 0x0000000726400000|100%| E|CS|TAMS 0x0000000726000000, 0x0000000726000000| Complete 
| 665|0x0000000726400000, 0x0000000726800000, 0x0000000726800000|100%| E|CS|TAMS 0x0000000726400000, 0x0000000726400000| Complete 
| 666|0x0000000726800000, 0x0000000726c00000, 0x0000000726c00000|100%| E|CS|TAMS 0x0000000726800000, 0x0000000726800000| Complete 
| 667|0x0000000726c00000, 0x0000000727000000, 0x0000000727000000|100%| E|CS|TAMS 0x0000000726c00000, 0x0000000726c00000| Complete 
| 668|0x0000000727000000, 0x0000000727400000, 0x0000000727400000|100%| E|CS|TAMS 0x0000000727000000, 0x0000000727000000| Complete 
| 669|0x0000000727400000, 0x0000000727800000, 0x0000000727800000|100%| E|CS|TAMS 0x0000000727400000, 0x0000000727400000| Complete 
| 670|0x0000000727800000, 0x0000000727c00000, 0x0000000727c00000|100%| E|CS|TAMS 0x0000000727800000, 0x0000000727800000| Complete 
| 671|0x0000000727c00000, 0x0000000728000000, 0x0000000728000000|100%| E|CS|TAMS 0x0000000727c00000, 0x0000000727c00000| Complete 
| 672|0x0000000728000000, 0x0000000728400000, 0x0000000728400000|100%| E|CS|TAMS 0x0000000728000000, 0x0000000728000000| Complete 
| 673|0x0000000728400000, 0x0000000728800000, 0x0000000728800000|100%| E|CS|TAMS 0x0000000728400000, 0x0000000728400000| Complete 
| 674|0x0000000728800000, 0x0000000728c00000, 0x0000000728c00000|100%| E|CS|TAMS 0x0000000728800000, 0x0000000728800000| Complete 
| 675|0x0000000728c00000, 0x0000000729000000, 0x0000000729000000|100%| E|CS|TAMS 0x0000000728c00000, 0x0000000728c00000| Complete 
| 676|0x0000000729000000, 0x0000000729400000, 0x0000000729400000|100%| E|CS|TAMS 0x0000000729000000, 0x0000000729000000| Complete 
| 677|0x0000000729400000, 0x0000000729800000, 0x0000000729800000|100%| E|CS|TAMS 0x0000000729400000, 0x0000000729400000| Complete 
| 678|0x0000000729800000, 0x0000000729c00000, 0x0000000729c00000|100%| E|CS|TAMS 0x0000000729800000, 0x0000000729800000| Complete 
| 679|0x0000000729c00000, 0x000000072a000000, 0x000000072a000000|100%| E|CS|TAMS 0x0000000729c00000, 0x0000000729c00000| Complete 
| 680|0x000000072a000000, 0x000000072a400000, 0x000000072a400000|100%| E|CS|TAMS 0x000000072a000000, 0x000000072a000000| Complete 
| 681|0x000000072a400000, 0x000000072a800000, 0x000000072a800000|100%| E|CS|TAMS 0x000000072a400000, 0x000000072a400000| Complete 
| 682|0x000000072a800000, 0x000000072ac00000, 0x000000072ac00000|100%| E|CS|TAMS 0x000000072a800000, 0x000000072a800000| Complete 
| 683|0x000000072ac00000, 0x000000072b000000, 0x000000072b000000|100%| E|CS|TAMS 0x000000072ac00000, 0x000000072ac00000| Complete 
| 684|0x000000072b000000, 0x000000072b400000, 0x000000072b400000|100%| E|CS|TAMS 0x000000072b000000, 0x000000072b000000| Complete 
| 685|0x000000072b400000, 0x000000072b800000, 0x000000072b800000|100%| E|CS|TAMS 0x000000072b400000, 0x000000072b400000| Complete 
| 686|0x000000072b800000, 0x000000072bc00000, 0x000000072bc00000|100%| E|CS|TAMS 0x000000072b800000, 0x000000072b800000| Complete 
| 687|0x000000072bc00000, 0x000000072c000000, 0x000000072c000000|100%| E|CS|TAMS 0x000000072bc00000, 0x000000072bc00000| Complete 
| 688|0x000000072c000000, 0x000000072c400000, 0x000000072c400000|100%| E|CS|TAMS 0x000000072c000000, 0x000000072c000000| Complete 
| 689|0x000000072c400000, 0x000000072c800000, 0x000000072c800000|100%| E|CS|TAMS 0x000000072c400000, 0x000000072c400000| Complete 
| 690|0x000000072c800000, 0x000000072cc00000, 0x000000072cc00000|100%| E|CS|TAMS 0x000000072c800000, 0x000000072c800000| Complete 
| 691|0x000000072cc00000, 0x000000072d000000, 0x000000072d000000|100%| E|CS|TAMS 0x000000072cc00000, 0x000000072cc00000| Complete 
| 692|0x000000072d000000, 0x000000072d400000, 0x000000072d400000|100%| E|CS|TAMS 0x000000072d000000, 0x000000072d000000| Complete 
| 693|0x000000072d400000, 0x000000072d800000, 0x000000072d800000|100%| E|CS|TAMS 0x000000072d400000, 0x000000072d400000| Complete 
| 694|0x000000072d800000, 0x000000072dc00000, 0x000000072dc00000|100%| E|CS|TAMS 0x000000072d800000, 0x000000072d800000| Complete 
| 695|0x000000072dc00000, 0x000000072e000000, 0x000000072e000000|100%| E|CS|TAMS 0x000000072dc00000, 0x000000072dc00000| Complete 
| 696|0x000000072e000000, 0x000000072e400000, 0x000000072e400000|100%| E|CS|TAMS 0x000000072e000000, 0x000000072e000000| Complete 
| 697|0x000000072e400000, 0x000000072e800000, 0x000000072e800000|100%| E|CS|TAMS 0x000000072e400000, 0x000000072e400000| Complete 
| 698|0x000000072e800000, 0x000000072ec00000, 0x000000072ec00000|100%| E|CS|TAMS 0x000000072e800000, 0x000000072e800000| Complete 
| 699|0x000000072ec00000, 0x000000072f000000, 0x000000072f000000|100%| E|CS|TAMS 0x000000072ec00000, 0x000000072ec00000| Complete 
| 700|0x000000072f000000, 0x000000072f400000, 0x000000072f400000|100%| E|CS|TAMS 0x000000072f000000, 0x000000072f000000| Complete 
| 701|0x000000072f400000, 0x000000072f800000, 0x000000072f800000|100%| E|CS|TAMS 0x000000072f400000, 0x000000072f400000| Complete 
| 702|0x000000072f800000, 0x000000072fc00000, 0x000000072fc00000|100%| E|CS|TAMS 0x000000072f800000, 0x000000072f800000| Complete 
| 703|0x000000072fc00000, 0x0000000730000000, 0x0000000730000000|100%| E|CS|TAMS 0x000000072fc00000, 0x000000072fc00000| Complete 
| 704|0x0000000730000000, 0x0000000730400000, 0x0000000730400000|100%| E|CS|TAMS 0x0000000730000000, 0x0000000730000000| Complete 
| 705|0x0000000730400000, 0x0000000730800000, 0x0000000730800000|100%| E|CS|TAMS 0x0000000730400000, 0x0000000730400000| Complete 
| 706|0x0000000730800000, 0x0000000730c00000, 0x0000000730c00000|100%| E|CS|TAMS 0x0000000730800000, 0x0000000730800000| Complete 
| 707|0x0000000730c00000, 0x0000000731000000, 0x0000000731000000|100%| E|CS|TAMS 0x0000000730c00000, 0x0000000730c00000| Complete 
| 708|0x0000000731000000, 0x0000000731400000, 0x0000000731400000|100%| E|CS|TAMS 0x0000000731000000, 0x0000000731000000| Complete 
| 709|0x0000000731400000, 0x0000000731800000, 0x0000000731800000|100%| E|CS|TAMS 0x0000000731400000, 0x0000000731400000| Complete 
| 710|0x0000000731800000, 0x0000000731c00000, 0x0000000731c00000|100%| E|CS|TAMS 0x0000000731800000, 0x0000000731800000| Complete 
| 711|0x0000000731c00000, 0x0000000732000000, 0x0000000732000000|100%| E|CS|TAMS 0x0000000731c00000, 0x0000000731c00000| Complete 
| 712|0x0000000732000000, 0x0000000732400000, 0x0000000732400000|100%| E|CS|TAMS 0x0000000732000000, 0x0000000732000000| Complete 
| 713|0x0000000732400000, 0x0000000732800000, 0x0000000732800000|100%| E|CS|TAMS 0x0000000732400000, 0x0000000732400000| Complete 
| 714|0x0000000732800000, 0x0000000732c00000, 0x0000000732c00000|100%| E|CS|TAMS 0x0000000732800000, 0x0000000732800000| Complete 
| 715|0x0000000732c00000, 0x0000000733000000, 0x0000000733000000|100%| E|CS|TAMS 0x0000000732c00000, 0x0000000732c00000| Complete 
| 716|0x0000000733000000, 0x0000000733400000, 0x0000000733400000|100%| E|CS|TAMS 0x0000000733000000, 0x0000000733000000| Complete 
| 717|0x0000000733400000, 0x0000000733800000, 0x0000000733800000|100%| E|CS|TAMS 0x0000000733400000, 0x0000000733400000| Complete 
| 718|0x0000000733800000, 0x0000000733c00000, 0x0000000733c00000|100%| E|CS|TAMS 0x0000000733800000, 0x0000000733800000| Complete 
| 719|0x0000000733c00000, 0x0000000734000000, 0x0000000734000000|100%| E|CS|TAMS 0x0000000733c00000, 0x0000000733c00000| Complete 
| 720|0x0000000734000000, 0x0000000734400000, 0x0000000734400000|100%| E|CS|TAMS 0x0000000734000000, 0x0000000734000000| Complete 
| 721|0x0000000734400000, 0x0000000734800000, 0x0000000734800000|100%| E|CS|TAMS 0x0000000734400000, 0x0000000734400000| Complete 
| 722|0x0000000734800000, 0x0000000734c00000, 0x0000000734c00000|100%| E|CS|TAMS 0x0000000734800000, 0x0000000734800000| Complete 
| 723|0x0000000734c00000, 0x0000000735000000, 0x0000000735000000|100%| E|CS|TAMS 0x0000000734c00000, 0x0000000734c00000| Complete 

Card table byte_map: [0x00000260e6d70000,0x00000260e7970000] _byte_map_base: 0x00000260e3970000

Marking Bits (Prev, Next): (CMBitMap*) 0x00000260ce71cb80, (CMBitMap*) 0x00000260ce71cb40
 Prev Bits: [0x00000260ee570000, 0x00000260f4570000)
 Next Bits: [0x00000260e8570000, 0x00000260ee570000)

Polling page: 0x00000260cc2b0000

Metaspace:

Usage:
  Non-class:    184.60 MB used.
      Class:     30.14 MB used.
       Both:    214.74 MB used.

Virtual space:
  Non-class space:      192.00 MB reserved,     185.44 MB ( 97%) committed,  24 nodes.
      Class space:      820.00 MB reserved,      30.88 MB (  4%) committed,  1 nodes.
             Both:     1012.00 MB reserved,     216.31 MB ( 21%) committed. 

Chunk freelists:
   Non-Class:  2.14 MB
       Class:  1.05 MB
        Both:  3.19 MB

MaxMetaspaceSize: 1.00 GB
CompressedClassSpaceSize: 820.00 MB
Initial GC threshold: 21.00 MB
Current GC threshold: 360.44 MB
CDS: on
MetaspaceReclaimPolicy: balanced
 - commit_granule_bytes: 65536.
 - commit_granule_words: 8192.
 - virtual_space_node_default_size: 1048576.
 - enlarge_chunks_in_place: 1.
 - new_chunks_are_fully_committed: 0.
 - uncommit_free_chunks: 1.
 - use_allocation_guard: 0.
 - handle_deallocations: 1.


Internal statistics:

num_allocs_failed_limit: 25.
num_arena_births: 2502.
num_arena_deaths: 536.
num_vsnodes_births: 25.
num_vsnodes_deaths: 0.
num_space_committed: 3458.
num_space_uncommitted: 1.
num_chunks_returned_to_freelist: 830.
num_chunks_taken_from_freelist: 12262.
num_chunk_merges: 389.
num_chunk_splits: 7932.
num_chunks_enlarged: 4919.
num_purges: 8.
num_inconsistent_stats: 0.

CodeHeap 'non-profiled nmethods': size=119168Kb used=26661Kb max_used=27184Kb free=92506Kb
 bounds [0x00000260ddd10000, 0x00000260df7a0000, 0x00000260e5170000]
CodeHeap 'profiled nmethods': size=119104Kb used=48104Kb max_used=49134Kb free=71000Kb
 bounds [0x00000260d68c0000, 0x00000260d98c0000, 0x00000260ddd10000]
CodeHeap 'non-nmethods': size=7488Kb used=2677Kb max_used=4470Kb free=4810Kb
 bounds [0x00000260d6170000, 0x00000260d65d0000, 0x00000260d68c0000]
 total_blobs=28163 nmethods=26902 adapters=1172
 compilation: enabled
              stopped_count=0, restarted_count=0
 full_count=0

Compilation events (20 events):
Event: 64.847 Thread 0x00000260f7e7e300 36379       3       safedkwrapper.s.a::a (367 bytes)
Event: 64.848 Thread 0x00000260f7e7e300 nmethod 36379 0x00000260d9631a90 code [0x00000260d9632080, 0x00000260d9635338]
Event: 64.848 Thread 0x00000260f7e7e300 36380       3       com.safedk.appwrapper.dexInstrumentors.u::a (405 bytes)
Event: 64.850 Thread 0x00000260f7e7e300 nmethod 36380 0x00000260d9750c90 code [0x00000260d9751660, 0x00000260d9756978]
Event: 64.857 Thread 0x00000260f7e7b9f0 36381       4       safedkwrapper.s.a::a (367 bytes)
Event: 64.913 Thread 0x00000260f7e7b9f0 nmethod 36381 0x00000260df38b210 code [0x00000260df38b960, 0x00000260df390dc8]
Event: 64.913 Thread 0x00000260f7e7b9f0 36382       4       com.safedk.appwrapper.dexInstrumentors.u::a (405 bytes)
Event: 64.962 Thread 0x00000260f7e7e300 36385       1       safedkwrapper.Z.c::b (5 bytes)
Event: 64.962 Thread 0x00000260f7e7e300 nmethod 36385 0x00000260dde04e90 code [0x00000260dde05020, 0x00000260dde050f8]
Event: 64.983 Thread 0x00000260f7e7b9f0 nmethod 36382 0x00000260df5c6090 code [0x00000260df5c67e0, 0x00000260df5cc8d0]
Event: 64.983 Thread 0x00000260f7e7b9f0 36384       4       safedkwrapper.v.w::l (30 bytes)
Event: 64.984 Thread 0x00000260f7e7b9f0 nmethod 36384 0x00000260df007590 code [0x00000260df007720, 0x00000260df0079d8]
Event: 64.984 Thread 0x00000260f7e7b9f0 36383       4       safedkwrapper.v.s::a (55 bytes)
Event: 64.986 Thread 0x00000260f7e7b9f0 nmethod 36383 0x00000260deb8ff10 code [0x00000260deb900c0, 0x00000260deb904d8]
Event: 65.101 Thread 0x00000260f7e7e300 36386       3       com.safedk.appwrapper.dexInstrumentors.n::a (1337 bytes)
Event: 65.104 Thread 0x00000260f7e7e300 nmethod 36386 0x00000260d9758490 code [0x00000260d9759200, 0x00000260d9761938]
Event: 65.219 Thread 0x00000260f7e7e300 36387       1       com.android.ide.common.gradle.Separator::getChar (5 bytes)
Event: 65.219 Thread 0x00000260f7e7e300 nmethod 36387 0x00000260de842410 code [0x00000260de8425a0, 0x00000260de842678]
Event: 65.347 Thread 0x00000260f7e7e300 36388       3       safedkwrapper.H.Z::g (571 bytes)
Event: 65.347 Thread 0x00000260f7e7e300 nmethod 36388 0x00000260d8a23090 code [0x00000260d8a23340, 0x00000260d8a247c8]

GC Heap History (20 events):
Event: 60.223 GC heap before
{Heap before GC invocations=84 (full 0):
 garbage-first heap   total 2949120K, used 2169473K [0x0000000680000000, 0x0000000800000000)
  region size 4096K, 250 young (1024000K), 27 survivors (110592K)
 Metaspace       used 219629K, committed 221248K, reserved 1036288K
  class space    used 30797K, committed 31552K, reserved 839680K
}
Event: 60.247 GC heap after
{Heap after GC invocations=85 (full 0):
 garbage-first heap   total 2949120K, used 1378506K [0x0000000680000000, 0x0000000800000000)
  region size 4096K, 30 young (122880K), 30 survivors (122880K)
 Metaspace       used 219629K, committed 221248K, reserved 1036288K
  class space    used 30797K, committed 31552K, reserved 839680K
}
Event: 60.267 GC heap before
{Heap before GC invocations=85 (full 0):
 garbage-first heap   total 2949120K, used 1403082K [0x0000000680000000, 0x0000000800000000)
  region size 4096K, 36 young (147456K), 30 survivors (122880K)
 Metaspace       used 219629K, committed 221248K, reserved 1036288K
  class space    used 30797K, committed 31552K, reserved 839680K
}
Event: 60.283 GC heap after
{Heap after GC invocations=86 (full 0):
 garbage-first heap   total 2949120K, used 1343488K [0x0000000680000000, 0x0000000800000000)
  region size 4096K, 5 young (20480K), 5 survivors (20480K)
 Metaspace       used 219629K, committed 221248K, reserved 1036288K
  class space    used 30797K, committed 31552K, reserved 839680K
}
Event: 61.153 GC heap before
{Heap before GC invocations=86 (full 0):
 garbage-first heap   total 2949120K, used 2260992K [0x0000000680000000, 0x0000000800000000)
  region size 4096K, 229 young (937984K), 5 survivors (20480K)
 Metaspace       used 219636K, committed 221248K, reserved 1036288K
  class space    used 30799K, committed 31552K, reserved 839680K
}
Event: 61.167 GC heap after
{Heap after GC invocations=87 (full 0):
 garbage-first heap   total 2949120K, used 1407236K [0x0000000680000000, 0x0000000800000000)
  region size 4096K, 21 young (86016K), 21 survivors (86016K)
 Metaspace       used 219636K, committed 221248K, reserved 1036288K
  class space    used 30799K, committed 31552K, reserved 839680K
}
Event: 61.773 GC heap before
{Heap before GC invocations=87 (full 0):
 garbage-first heap   total 2949120K, used 2308356K [0x0000000680000000, 0x0000000800000000)
  region size 4096K, 241 young (987136K), 21 survivors (86016K)
 Metaspace       used 219637K, committed 221248K, reserved 1036288K
  class space    used 30800K, committed 31552K, reserved 839680K
}
Event: 61.795 GC heap after
{Heap after GC invocations=88 (full 0):
 garbage-first heap   total 2949120K, used 1488543K [0x0000000680000000, 0x0000000800000000)
  region size 4096K, 20 young (81920K), 20 survivors (81920K)
 Metaspace       used 219637K, committed 221248K, reserved 1036288K
  class space    used 30800K, committed 31552K, reserved 839680K
}
Event: 62.391 GC heap before
{Heap before GC invocations=88 (full 0):
 garbage-first heap   total 2949120K, used 2352799K [0x0000000680000000, 0x0000000800000000)
  region size 4096K, 231 young (946176K), 20 survivors (81920K)
 Metaspace       used 219739K, committed 221312K, reserved 1036288K
  class space    used 30828K, committed 31552K, reserved 839680K
}
Event: 62.413 GC heap after
{Heap after GC invocations=89 (full 0):
 garbage-first heap   total 2949120K, used 1559291K [0x0000000680000000, 0x0000000800000000)
  region size 4096K, 18 young (73728K), 18 survivors (73728K)
 Metaspace       used 219739K, committed 221312K, reserved 1036288K
  class space    used 30828K, committed 31552K, reserved 839680K
}
Event: 63.164 GC heap before
{Heap before GC invocations=90 (full 0):
 garbage-first heap   total 2965504K, used 2390779K [0x0000000680000000, 0x0000000800000000)
  region size 4096K, 221 young (905216K), 18 survivors (73728K)
 Metaspace       used 219795K, committed 221440K, reserved 1036288K
  class space    used 30848K, committed 31616K, reserved 839680K
}
Event: 63.183 GC heap after
{Heap after GC invocations=91 (full 0):
 garbage-first heap   total 2965504K, used 1646744K [0x0000000680000000, 0x0000000800000000)
  region size 4096K, 22 young (90112K), 22 survivors (90112K)
 Metaspace       used 219795K, committed 221440K, reserved 1036288K
  class space    used 30848K, committed 31616K, reserved 839680K
}
Event: 63.228 GC heap before
{Heap before GC invocations=91 (full 0):
 garbage-first heap   total 2965504K, used 1704088K [0x0000000680000000, 0x0000000800000000)
  region size 4096K, 36 young (147456K), 22 survivors (90112K)
 Metaspace       used 219795K, committed 221440K, reserved 1036288K
  class space    used 30848K, committed 31616K, reserved 839680K
}
Event: 63.247 GC heap after
{Heap after GC invocations=92 (full 0):
 garbage-first heap   total 2965504K, used 1631233K [0x0000000680000000, 0x0000000800000000)
  region size 4096K, 4 young (16384K), 4 survivors (16384K)
 Metaspace       used 219795K, committed 221440K, reserved 1036288K
  class space    used 30848K, committed 31616K, reserved 839680K
}
Event: 63.938 GC heap before
{Heap before GC invocations=92 (full 0):
 garbage-first heap   total 2965504K, used 2425857K [0x0000000680000000, 0x0000000800000000)
  region size 4096K, 198 young (811008K), 4 survivors (16384K)
 Metaspace       used 219823K, committed 221440K, reserved 1036288K
  class space    used 30850K, committed 31616K, reserved 839680K
}
Event: 63.950 GC heap after
{Heap after GC invocations=93 (full 0):
 garbage-first heap   total 2965504K, used 1693863K [0x0000000680000000, 0x0000000800000000)
  region size 4096K, 20 young (81920K), 20 survivors (81920K)
 Metaspace       used 219823K, committed 221440K, reserved 1036288K
  class space    used 30850K, committed 31616K, reserved 839680K
}
Event: 64.565 GC heap before
{Heap before GC invocations=93 (full 0):
 garbage-first heap   total 2965504K, used 2447527K [0x0000000680000000, 0x0000000800000000)
  region size 4096K, 204 young (835584K), 20 survivors (81920K)
 Metaspace       used 219836K, committed 221440K, reserved 1036288K
  class space    used 30850K, committed 31616K, reserved 839680K
}
Event: 64.586 GC heap after
{Heap after GC invocations=94 (full 0):
 garbage-first heap   total 2965504K, used 1786990K [0x0000000680000000, 0x0000000800000000)
  region size 4096K, 23 young (94208K), 23 survivors (94208K)
 Metaspace       used 219836K, committed 221440K, reserved 1036288K
  class space    used 30850K, committed 31616K, reserved 839680K
}
Event: 65.060 GC heap before
{Heap before GC invocations=94 (full 0):
 garbage-first heap   total 2965504K, used 2466926K [0x0000000680000000, 0x0000000800000000)
  region size 4096K, 189 young (774144K), 23 survivors (94208K)
 Metaspace       used 219850K, committed 221504K, reserved 1036288K
  class space    used 30852K, committed 31616K, reserved 839680K
}
Event: 65.088 GC heap after
{Heap after GC invocations=95 (full 0):
 garbage-first heap   total 2965504K, used 1892974K [0x0000000680000000, 0x0000000800000000)
  region size 4096K, 24 young (98304K), 24 survivors (98304K)
 Metaspace       used 219850K, committed 221504K, reserved 1036288K
  class space    used 30852K, committed 31616K, reserved 839680K
}

Dll operation events (15 events):
Event: 0.005 Loaded shared library C:\Program Files\Java\jdk-17\bin\java.dll
Event: 0.010 Loaded shared library C:\Program Files\Java\jdk-17\bin\jsvml.dll
Event: 0.034 Loaded shared library C:\Program Files\Java\jdk-17\bin\zip.dll
Event: 0.036 Loaded shared library C:\Program Files\Java\jdk-17\bin\instrument.dll
Event: 0.038 Loaded shared library C:\Program Files\Java\jdk-17\bin\net.dll
Event: 0.039 Loaded shared library C:\Program Files\Java\jdk-17\bin\nio.dll
Event: 0.041 Loaded shared library C:\Program Files\Java\jdk-17\bin\zip.dll
Event: 0.107 Loaded shared library C:\Program Files\Java\jdk-17\bin\jimage.dll
Event: 0.135 Loaded shared library C:\Program Files\Java\jdk-17\bin\verify.dll
Event: 0.205 Loaded shared library C:\Users\67670\.gradle\native\c067742578af261105cb4f569cf0c3c89f3d7b1fecec35dd04571415982c5e48\windows-amd64\native-platform.dll
Event: 0.207 Loaded shared library C:\Users\67670\.gradle\native\38dada09dfb8b06ba9b0570ebf7e218e3eb74d4ef43ca46872605cf95ebc2f47\windows-amd64\native-platform-file-events.dll
Event: 0.591 Loaded shared library C:\Program Files\Java\jdk-17\bin\management.dll
Event: 0.593 Loaded shared library C:\Program Files\Java\jdk-17\bin\management_ext.dll
Event: 0.922 Loaded shared library C:\Program Files\Java\jdk-17\bin\sunmscapi.dll
Event: 25.041 Loaded shared library C:\Program Files\Java\jdk-17\bin\awt.dll

Deoptimization events (20 events):
Event: 64.847 Thread 0x0000026081b226a0 Uncommon trap: trap_request=0xffffff45 fr.pc=0x00000260df70d944 relative=0x0000000000003ee4
Event: 64.847 Thread 0x0000026081b226a0 Uncommon trap: reason=unstable_if action=reinterpret pc=0x00000260df70d944 method=safedkwrapper.v.w.l(Ljava/lang/String;)Ljava/lang/String; @ 21 c2
Event: 64.847 Thread 0x0000026081b226a0 DEOPT PACKING pc=0x00000260df70d944 sp=0x0000008b5a0fa4c0
Event: 64.847 Thread 0x0000026081b226a0 DEOPT UNPACKING pc=0x00000260d61c23a3 sp=0x0000008b5a0fa448 mode 2
Event: 65.043 Thread 0x0000026081b226a0 Uncommon trap: trap_request=0xffffff45 fr.pc=0x00000260df7017d8 relative=0x0000000000006258
Event: 65.043 Thread 0x0000026081b226a0 Uncommon trap: reason=unstable_if action=reinterpret pc=0x00000260df7017d8 method=com.safedk.appwrapper.dexInstrumentors.n.a(Ljava/lang/String;Ljava/util/List;)V @ 1224 c2
Event: 65.043 Thread 0x0000026081b226a0 DEOPT PACKING pc=0x00000260df7017d8 sp=0x0000008b5a0fa620
Event: 65.043 Thread 0x0000026081b226a0 DEOPT UNPACKING pc=0x00000260d61c23a3 sp=0x0000008b5a0fa628 mode 2
Event: 65.208 Thread 0x0000026080961460 Uncommon trap: trap_request=0xffffffde fr.pc=0x00000260dec7f4cc relative=0x000000000000028c
Event: 65.208 Thread 0x0000026080961460 Uncommon trap: reason=class_check action=maybe_recompile pc=0x00000260dec7f4cc method=org.kxml2.io.KXmlParser.peek(I)I @ 74 c2
Event: 65.208 Thread 0x0000026080961460 DEOPT PACKING pc=0x00000260dec7f4cc sp=0x0000008b622fc410
Event: 65.208 Thread 0x0000026080961460 DEOPT UNPACKING pc=0x00000260d61c23a3 sp=0x0000008b622fc388 mode 2
Event: 65.217 Thread 0x0000026080961460 Uncommon trap: trap_request=0xffffffde fr.pc=0x00000260dec743e0 relative=0x0000000000000bc0
Event: 65.217 Thread 0x0000026080961460 Uncommon trap: reason=class_check action=maybe_recompile pc=0x00000260dec743e0 method=org.kxml2.io.KXmlParser.peek(I)I @ 74 c2
Event: 65.217 Thread 0x0000026080961460 DEOPT PACKING pc=0x00000260dec743e0 sp=0x0000008b622fc410
Event: 65.217 Thread 0x0000026080961460 DEOPT UNPACKING pc=0x00000260d61c23a3 sp=0x0000008b622fc348 mode 2
Event: 65.219 Thread 0x0000026080961460 Uncommon trap: trap_request=0xffffff45 fr.pc=0x00000260df088790 relative=0x0000000000000070
Event: 65.219 Thread 0x0000026080961460 Uncommon trap: reason=unstable_if action=reinterpret pc=0x00000260df088790 method=java.lang.Character.equals(Ljava/lang/Object;)Z @ 18 c2
Event: 65.219 Thread 0x0000026080961460 DEOPT PACKING pc=0x00000260df088790 sp=0x0000008b622fc420
Event: 65.219 Thread 0x0000026080961460 DEOPT UNPACKING pc=0x00000260d61c23a3 sp=0x0000008b622fc3a8 mode 2

Classes unloaded (20 events):
Event: 37.598 Thread 0x00000260f70fc9f0 Unloading class 0x000000080201dc00 'java/lang/invoke/LambdaForm$DMH+0x000000080201dc00'
Event: 37.598 Thread 0x00000260f70fc9f0 Unloading class 0x000000080201e000 'java/lang/invoke/LambdaForm$DMH+0x000000080201e000'
Event: 37.598 Thread 0x00000260f70fc9f0 Unloading class 0x000000080201d800 'java/lang/invoke/LambdaForm$DMH+0x000000080201d800'
Event: 37.598 Thread 0x00000260f70fc9f0 Unloading class 0x000000080201cc00 'java/lang/invoke/LambdaForm$DMH+0x000000080201cc00'
Event: 37.598 Thread 0x00000260f70fc9f0 Unloading class 0x000000080201d400 'java/lang/invoke/LambdaForm$DMH+0x000000080201d400'
Event: 37.598 Thread 0x00000260f70fc9f0 Unloading class 0x000000080201d000 'java/lang/invoke/LambdaForm$DMH+0x000000080201d000'
Event: 37.598 Thread 0x00000260f70fc9f0 Unloading class 0x000000080201c800 'java/lang/invoke/LambdaForm$DMH+0x000000080201c800'
Event: 37.598 Thread 0x00000260f70fc9f0 Unloading class 0x000000080201c400 'java/lang/invoke/LambdaForm$DMH+0x000000080201c400'
Event: 38.954 Thread 0x00000260f70fc9f0 Unloading class 0x00000008025ab000 'java/lang/invoke/LambdaForm$DMH+0x00000008025ab000'
Event: 38.954 Thread 0x00000260f70fc9f0 Unloading class 0x00000008025aac00 'java/lang/invoke/LambdaForm$DMH+0x00000008025aac00'
Event: 38.954 Thread 0x00000260f70fc9f0 Unloading class 0x00000008025aa800 'java/lang/invoke/LambdaForm$DMH+0x00000008025aa800'
Event: 38.954 Thread 0x00000260f70fc9f0 Unloading class 0x00000008025aa400 'java/lang/invoke/LambdaForm$DMH+0x00000008025aa400'
Event: 38.954 Thread 0x00000260f70fc9f0 Unloading class 0x00000008025a9c00 'java/lang/invoke/LambdaForm$DMH+0x00000008025a9c00'
Event: 38.954 Thread 0x00000260f70fc9f0 Unloading class 0x00000008025aa000 'java/lang/invoke/LambdaForm$DMH+0x00000008025aa000'
Event: 38.954 Thread 0x00000260f70fc9f0 Unloading class 0x00000008025a9800 'java/lang/invoke/LambdaForm$DMH+0x00000008025a9800'
Event: 38.954 Thread 0x00000260f70fc9f0 Unloading class 0x00000008025a9400 'java/lang/invoke/LambdaForm$DMH+0x00000008025a9400'
Event: 38.954 Thread 0x00000260f70fc9f0 Unloading class 0x00000008025a8c00 'java/lang/invoke/LambdaForm$DMH+0x00000008025a8c00'
Event: 38.954 Thread 0x00000260f70fc9f0 Unloading class 0x00000008025a9000 'java/lang/invoke/LambdaForm$DMH+0x00000008025a9000'
Event: 38.954 Thread 0x00000260f70fc9f0 Unloading class 0x00000008025a8800 'java/lang/invoke/LambdaForm$DMH+0x00000008025a8800'
Event: 38.954 Thread 0x00000260f70fc9f0 Unloading class 0x00000008025a8400 'java/lang/invoke/LambdaForm$DMH+0x00000008025a8400'

Classes redefined (0 events):
No events

Internal exceptions (20 events):
Event: 56.473 Thread 0x0000026080961460 Exception <a 'java/lang/ClassNotFoundException'{0x00000007092824a8}: groovy/lang/ExpandoMetaClassCustomizer> (0x00000007092824a8) 
thrown [s\src\hotspot\share\classfile\systemDictionary.cpp, line 256]
Event: 56.497 Thread 0x0000026080961460 Exception <a 'java/lang/ClassNotFoundException'{0x0000000707864e48}: org/codehaus/groovy/ast/builder/AstBuilderBeanInfo> (0x0000000707864e48) 
thrown [s\src\hotspot\share\classfile\systemDictionary.cpp, line 256]
Event: 56.498 Thread 0x0000026080961460 Exception <a 'java/lang/ClassNotFoundException'{0x0000000707b01518}: org/codehaus/groovy/ast/builder/AstBuilderCustomizer> (0x0000000707b01518) 
thrown [s\src\hotspot\share\classfile\systemDictionary.cpp, line 256]
Event: 56.516 Thread 0x0000026080961460 Exception <a 'java/lang/ClassNotFoundException'{0x0000000706482a88}: org/codehaus/groovy/control/CompilePhaseBeanInfo> (0x0000000706482a88) 
thrown [s\src\hotspot\share\classfile\systemDictionary.cpp, line 256]
Event: 56.517 Thread 0x0000026080961460 Exception <a 'java/lang/ClassNotFoundException'{0x0000000706535c38}: org/codehaus/groovy/control/CompilePhaseCustomizer> (0x0000000706535c38) 
thrown [s\src\hotspot\share\classfile\systemDictionary.cpp, line 256]
Event: 56.690 Thread 0x0000026080961460 Implicit null exception at 0x00000260def4da28 to 0x00000260def4dec8
Event: 58.104 Thread 0x0000026080961460 Exception <a 'java/lang/NoSuchMethodError'{0x000000070ec25f58}: 'void java.lang.invoke.DirectMethodHandle$Holder.invokeSpecialIFC(java.lang.Object, java.lang.Object, java.lang.Object)'> (0x000000070ec25f58) 
thrown [s\src\hotspot\share\interpreter\linkResolver.cpp, line 759]
Event: 58.724 Thread 0x0000026080961460 Exception <a 'java/lang/NoSuchMethodError'{0x000000072eca5238}: 'java.lang.Object java.lang.invoke.DirectMethodHandle$Holder.invokeStatic(java.lang.Object, int, java.lang.Object, java.lang.Object, java.lang.Object)'> (0x000000072eca5238) 
thrown [s\src\hotspot\share\interpreter\linkResolver.cpp, line 759]
Event: 58.747 Thread 0x0000026080961460 Exception <a 'java/lang/NoSuchMethodError'{0x000000072e670718}: 'java.lang.Object java.lang.invoke.DirectMethodHandle$Holder.invokeSpecial(java.lang.Object, java.lang.Object, long, java.lang.Object, java.lang.Object, java.lang.Object, java.lang.Object, java.lang.Object, java.lang.Object)'> (0x000000072e670718) 
thrown [s\src\hotspot\share\interpreter\linkResolver.cpp, line 759]
Event: 58.748 Thread 0x0000026080961460 Exception <a 'java/lang/NoSuchMethodError'{0x000000072e6754a0}: 'java.lang.Object java.lang.invoke.DelegatingMethodHandle$Holder.reinvoke_L(java.lang.Object, long, java.lang.Object, java.lang.Object, java.lang.Object, java.lang.Object, java.lang.Object, java.lang.Object)'> (0x000000072e6754a0) 
thrown [s\src\hotspot\share\interpreter\linkResolver.cpp, line 759]
Event: 58.832 Thread 0x0000026080961460 Exception <a 'sun/nio/fs/WindowsException'{0x0000000729248cf8}> (0x0000000729248cf8) 
thrown [s\src\hotspot\share\prims\jni.cpp, line 516]
Event: 58.844 Thread 0x0000026080961460 Exception <a 'sun/nio/fs/WindowsException'{0x0000000729286420}> (0x0000000729286420) 
thrown [s\src\hotspot\share\prims\jni.cpp, line 516]
Event: 62.181 Thread 0x0000026080961460 Exception <a 'java/net/SocketException'{0x00000007126011d0}: Socket is not connected: shutdown> (0x00000007126011d0) 
thrown [s\src\hotspot\share\prims\jni.cpp, line 535]
Event: 62.187 Thread 0x0000026080961460 Exception <a 'sun/nio/fs/WindowsException'{0x0000000712602628}> (0x0000000712602628) 
thrown [s\src\hotspot\share\prims\jni.cpp, line 516]
Event: 62.198 Thread 0x0000026080961460 Exception <a 'sun/nio/fs/WindowsException'{0x000000071262d570}> (0x000000071262d570) 
thrown [s\src\hotspot\share\prims\jni.cpp, line 516]
Event: 62.199 Thread 0x0000026080961460 Exception <a 'sun/nio/fs/WindowsException'{0x000000071262f448}> (0x000000071262f448) 
thrown [s\src\hotspot\share\prims\jni.cpp, line 516]
Event: 65.207 Thread 0x0000026080961460 Exception <a 'java/net/SocketException'{0x000000072d800ae8}: Socket is not connected: shutdown> (0x000000072d800ae8) 
thrown [s\src\hotspot\share\prims\jni.cpp, line 535]
Event: 65.208 Thread 0x0000026080961460 Exception <a 'sun/nio/fs/WindowsException'{0x000000072d801348}> (0x000000072d801348) 
thrown [s\src\hotspot\share\prims\jni.cpp, line 516]
Event: 65.228 Thread 0x0000026080961460 Exception <a 'sun/nio/fs/WindowsException'{0x000000072d843b78}> (0x000000072d843b78) 
thrown [s\src\hotspot\share\prims\jni.cpp, line 516]
Event: 65.229 Thread 0x0000026080961460 Exception <a 'sun/nio/fs/WindowsException'{0x000000072d845628}> (0x000000072d845628) 
thrown [s\src\hotspot\share\prims\jni.cpp, line 516]

VM Operations (20 events):
Event: 62.413 Executing VM operation: G1CollectForAllocation done
Event: 62.622 Executing VM operation: G1Concurrent
Event: 62.633 Executing VM operation: G1Concurrent done
Event: 62.820 Executing VM operation: G1Concurrent
Event: 62.821 Executing VM operation: G1Concurrent done
Event: 63.164 Executing VM operation: G1CollectForAllocation
Event: 63.183 Executing VM operation: G1CollectForAllocation done
Event: 63.228 Executing VM operation: G1CollectForAllocation
Event: 63.247 Executing VM operation: G1CollectForAllocation done
Event: 63.937 Executing VM operation: G1CollectForAllocation
Event: 63.950 Executing VM operation: G1CollectForAllocation done
Event: 64.177 Executing VM operation: HandshakeAllThreads
Event: 64.178 Executing VM operation: HandshakeAllThreads done
Event: 64.565 Executing VM operation: G1CollectForAllocation
Event: 64.587 Executing VM operation: G1CollectForAllocation done
Event: 64.847 Executing VM operation: HandshakeAllThreads
Event: 64.847 Executing VM operation: HandshakeAllThreads done
Event: 65.058 Executing VM operation: G1CollectForAllocation
Event: 65.088 Executing VM operation: G1CollectForAllocation done
Event: 65.354 Executing VM operation: G1Concurrent

Events (20 events):
Event: 64.867 Thread 0x00000260f7e7ec00 flushing nmethod 0x00000260d96d0a90
Event: 64.867 Thread 0x00000260f7e7ec00 flushing nmethod 0x00000260d96d9610
Event: 64.867 Thread 0x00000260f7e7ec00 flushing nmethod 0x00000260d9704e10
Event: 64.867 Thread 0x00000260f7e7ec00 flushing nmethod 0x00000260d9758490
Event: 64.867 Thread 0x00000260f7e7ec00 flushing nmethod 0x00000260d977a990
Event: 64.867 Thread 0x00000260f7e7ec00 flushing nmethod 0x00000260d97d5e10
Event: 64.867 Thread 0x00000260f7e7ec00 flushing nmethod 0x00000260d97e5f90
Event: 64.867 Thread 0x00000260f7e7ec00 flushing nmethod 0x00000260d97fbf90
Event: 64.867 Thread 0x00000260f7e7ec00 flushing nmethod 0x00000260d97fe590
Event: 64.867 Thread 0x00000260f7e7ec00 flushing nmethod 0x00000260d97fea90
Event: 64.867 Thread 0x00000260f7e7ec00 flushing nmethod 0x00000260d97ff710
Event: 64.867 Thread 0x00000260f7e7ec00 flushing nmethod 0x00000260d9806090
Event: 64.867 Thread 0x00000260f7e7ec00 flushing nmethod 0x00000260d9809390
Event: 64.867 Thread 0x00000260f7e7ec00 flushing nmethod 0x00000260d9810b90
Event: 64.948 loading class java/util/concurrent/CompletableFuture$AltResult
Event: 64.949 loading class java/util/concurrent/CompletableFuture$AltResult done
Event: 64.949 loading class java/util/concurrent/CompletableFuture$Completion
Event: 64.956 loading class java/util/concurrent/CompletableFuture$AsynchronousCompletionTask
Event: 64.956 loading class java/util/concurrent/CompletableFuture$AsynchronousCompletionTask done
Event: 64.956 loading class java/util/concurrent/CompletableFuture$Completion done


Dynamic libraries:
0x00007ff75e470000 - 0x00007ff75e47e000 	C:\Program Files\Java\jdk-17\bin\java.exe
0x00007ffaf6840000 - 0x00007ffaf6aa7000 	C:\Windows\SYSTEM32\ntdll.dll
0x00007ffaf5840000 - 0x00007ffaf5909000 	C:\Windows\System32\KERNEL32.DLL
0x00007ffaf3450000 - 0x00007ffaf3847000 	C:\Windows\System32\KERNELBASE.dll
0x00007ffaf39f0000 - 0x00007ffaf3b3b000 	C:\Windows\System32\ucrtbase.dll
0x00007ff9e2990000 - 0x00007ff9e29a7000 	C:\Program Files\Java\jdk-17\bin\jli.dll
0x00007ff9e2970000 - 0x00007ff9e2989000 	C:\Program Files\Java\jdk-17\bin\VCRUNTIME140.dll
0x00007ffaf45c0000 - 0x00007ffaf4786000 	C:\Windows\System32\USER32.dll
0x00007ffaf3910000 - 0x00007ffaf3937000 	C:\Windows\System32\win32u.dll
0x00007ffad2b70000 - 0x00007ffad2e02000 	C:\Windows\WinSxS\amd64_microsoft.windows.common-controls_6595b64144ccf1df_6.0.26100.8457_none_3e0b2faee331e92d\COMCTL32.dll
0x00007ffaf6670000 - 0x00007ffaf669b000 	C:\Windows\System32\GDI32.dll
0x00007ffaf6480000 - 0x00007ffaf6529000 	C:\Windows\System32\msvcrt.dll
0x00007ffaf3320000 - 0x00007ffaf344c000 	C:\Windows\System32\gdi32full.dll
0x00007ffaf3940000 - 0x00007ffaf39e3000 	C:\Windows\System32\msvcp_win.dll
0x00007ffaf6630000 - 0x00007ffaf6662000 	C:\Windows\System32\IMM32.DLL
0x00007ffaee060000 - 0x00007ffaee06c000 	C:\Program Files\Java\jdk-17\bin\vcruntime140_1.dll
0x00007ff9c6920000 - 0x00007ff9c69b1000 	C:\Program Files\Java\jdk-17\bin\msvcp140.dll
0x00007ff9c4b80000 - 0x00007ff9c57c4000 	C:\Program Files\Java\jdk-17\bin\server\jvm.dll
0x00007ffaf49a0000 - 0x00007ffaf4a56000 	C:\Windows\System32\ADVAPI32.dll
0x00007ffaf4ac0000 - 0x00007ffaf4b67000 	C:\Windows\System32\sechost.dll
0x00007ffaf51e0000 - 0x00007ffaf52f8000 	C:\Windows\System32\RPCRT4.dll
0x00007ffaee1a0000 - 0x00007ffaee1ab000 	C:\Windows\SYSTEM32\VERSION.dll
0x00007ffad29e0000 - 0x00007ffad29ea000 	C:\Windows\SYSTEM32\WSOCK32.dll
0x00007ffae5d30000 - 0x00007ffae5d66000 	C:\Windows\SYSTEM32\WINMM.dll
0x00007ffaf6760000 - 0x00007ffaf67e0000 	C:\Windows\System32\WS2_32.dll
0x00007ffaf1f20000 - 0x00007ffaf1f3b000 	C:\Windows\SYSTEM32\kernel.appcore.dll
0x00007ffa013a0000 - 0x00007ffa013aa000 	C:\Program Files\Java\jdk-17\bin\jimage.dll
0x00007ffaf1050000 - 0x00007ffaf1292000 	C:\Windows\SYSTEM32\DBGHELP.DLL
0x00007ffaf4e50000 - 0x00007ffaf51d3000 	C:\Windows\System32\combase.dll
0x00007ffaf6210000 - 0x00007ffaf62e9000 	C:\Windows\System32\OLEAUT32.dll
0x00007ffad65b0000 - 0x00007ffad65eb000 	C:\Windows\SYSTEM32\dbgcore.DLL
0x00007ffaf3270000 - 0x00007ffaf3318000 	C:\Windows\System32\bcryptPrimitives.dll
0x00007ffa01090000 - 0x00007ffa0109e000 	C:\Program Files\Java\jdk-17\bin\instrument.dll
0x00007ff9c6eb0000 - 0x00007ff9c6ed5000 	C:\Program Files\Java\jdk-17\bin\java.dll
0x00007ff9c6840000 - 0x00007ff9c6916000 	C:\Program Files\Java\jdk-17\bin\jsvml.dll
0x00007ffaf5a10000 - 0x00007ffaf617e000 	C:\Windows\System32\SHELL32.dll
0x00007ffaf3bd0000 - 0x00007ffaf443c000 	C:\Windows\System32\windows.storage.dll
0x00007ffaf5910000 - 0x00007ffaf5a06000 	C:\Windows\System32\SHCORE.dll
0x00007ffaf4de0000 - 0x00007ffaf4e46000 	C:\Windows\System32\shlwapi.dll
0x00007ffaf3190000 - 0x00007ffaf31b9000 	C:\Windows\SYSTEM32\profapi.dll
0x00007ff9d5ce0000 - 0x00007ff9d5cf8000 	C:\Program Files\Java\jdk-17\bin\zip.dll
0x00007ff9c6e90000 - 0x00007ff9c6ea9000 	C:\Program Files\Java\jdk-17\bin\net.dll
0x00007ffaebb80000 - 0x00007ffaebca9000 	C:\Windows\SYSTEM32\WINHTTP.dll
0x00007ffaf2530000 - 0x00007ffaf259c000 	C:\Windows\system32\mswsock.dll
0x00007ff9c6e70000 - 0x00007ff9c6e85000 	C:\Program Files\Java\jdk-17\bin\nio.dll
0x00007ff9e7bf0000 - 0x00007ff9e7c00000 	C:\Program Files\Java\jdk-17\bin\verify.dll
0x00007ffa76b60000 - 0x00007ffa76b87000 	C:\Users\67670\.gradle\native\c067742578af261105cb4f569cf0c3c89f3d7b1fecec35dd04571415982c5e48\windows-amd64\native-platform.dll
0x00007ff9c6510000 - 0x00007ff9c6654000 	C:\Users\67670\.gradle\native\38dada09dfb8b06ba9b0570ebf7e218e3eb74d4ef43ca46872605cf95ebc2f47\windows-amd64\native-platform-file-events.dll
0x00007ff9e7580000 - 0x00007ff9e7589000 	C:\Program Files\Java\jdk-17\bin\management.dll
0x00007ff9e6d60000 - 0x00007ff9e6d6b000 	C:\Program Files\Java\jdk-17\bin\management_ext.dll
0x00007ffaf5300000 - 0x00007ffaf5308000 	C:\Windows\System32\PSAPI.DLL
0x00007ffaf2850000 - 0x00007ffaf286b000 	C:\Windows\SYSTEM32\CRYPTSP.dll
0x00007ffaf1f50000 - 0x00007ffaf1f89000 	C:\Windows\system32\rsaenh.dll
0x00007ffaf2600000 - 0x00007ffaf2633000 	C:\Windows\SYSTEM32\USERENV.dll
0x00007ffaf3160000 - 0x00007ffaf318a000 	C:\Windows\SYSTEM32\bcrypt.dll
0x00007ffaf2870000 - 0x00007ffaf287c000 	C:\Windows\SYSTEM32\CRYPTBASE.dll
0x00007ffaf19b0000 - 0x00007ffaf19e2000 	C:\Windows\SYSTEM32\IPHLPAPI.DLL
0x00007ffaf5830000 - 0x00007ffaf583a000 	C:\Windows\System32\NSI.dll
0x00007ffaeb930000 - 0x00007ffaeb94d000 	C:\Windows\SYSTEM32\dhcpcsvc6.DLL
0x00007ffaeb8e0000 - 0x00007ffaeb905000 	C:\Windows\SYSTEM32\dhcpcsvc.DLL
0x00007ffaf1a40000 - 0x00007ffaf1b72000 	C:\Windows\SYSTEM32\DNSAPI.dll
0x00007ff9e28f0000 - 0x00007ff9e28fe000 	C:\Program Files\Java\jdk-17\bin\sunmscapi.dll
0x00007ffaf4440000 - 0x00007ffaf45b8000 	C:\Windows\System32\CRYPT32.dll
0x00007ffaf2ae0000 - 0x00007ffaf2b10000 	C:\Windows\SYSTEM32\ncrypt.dll
0x00007ffaf2a90000 - 0x00007ffaf2acf000 	C:\Windows\SYSTEM32\NTASN1.dll
0x00007ffac97c0000 - 0x00007ffac97c8000 	C:\Windows\system32\wshunix.dll
0x00007ffaeb1e0000 - 0x00007ffaeb1eb000 	C:\Windows\System32\rasadhlp.dll
0x00007ffaeadc0000 - 0x00007ffaeae46000 	C:\Windows\System32\fwpuclnt.dll
0x00007ffa00560000 - 0x00007ffa006ee000 	C:\Program Files\Java\jdk-17\bin\awt.dll
0x00007ffaefb90000 - 0x00007ffaefc30000 	C:\Windows\SYSTEM32\apphelp.dll
0x00007ffaf0030000 - 0x00007ffaf005f000 	C:\Windows\system32\DWMAPI.DLL
0x00007ffaefe30000 - 0x00007ffaefeda000 	C:\Windows\system32\uxtheme.dll
0x00007ffaf20f0000 - 0x00007ffaf2126000 	C:\Windows\SYSTEM32\ntmarta.dll

dbghelp: loaded successfully - version: 4.0.5 - missing functions: none
symbol engine: initialized successfully - sym options: 0x614 - pdb path: .;C:\Program Files\Java\jdk-17\bin;C:\Windows\SYSTEM32;C:\Windows\WinSxS\amd64_microsoft.windows.common-controls_6595b64144ccf1df_6.0.26100.8457_none_3e0b2faee331e92d;C:\Program Files\Java\jdk-17\bin\server;C:\Users\67670\.gradle\native\c067742578af261105cb4f569cf0c3c89f3d7b1fecec35dd04571415982c5e48\windows-amd64;C:\Users\67670\.gradle\native\38dada09dfb8b06ba9b0570ebf7e218e3eb74d4ef43ca46872605cf95ebc2f47\windows-amd64

VM Arguments:
jvm_args: -XX:MaxMetaspaceSize=1024m -XX:+HeapDumpOnOutOfMemoryError --add-opens=java.base/java.util=ALL-UNNAMED --add-opens=java.base/java.lang=ALL-UNNAMED --add-opens=java.base/java.lang.invoke=ALL-UNNAMED --add-opens=java.prefs/java.util.prefs=ALL-UNNAMED --add-opens=java.base/java.nio.charset=ALL-UNNAMED --add-opens=java.base/java.net=ALL-UNNAMED --add-opens=java.base/java.util.concurrent.atomic=ALL-UNNAMED -Xmx6144m -Dfile.encoding=UTF-8 -Duser.country=CN -Duser.language=zh -Duser.variant -javaagent:C:\Users\67670\.gradle\wrapper\dists\gradle-8.4-bin\1w5dpkrfk8irigvoxmyhowfim\gradle-8.4\lib\agents\gradle-instrumentation-agent-8.4.jar 
java_command: org.gradle.launcher.daemon.bootstrap.GradleDaemon 8.4
java_class_path (initial): C:\Users\67670\.gradle\wrapper\dists\gradle-8.4-bin\1w5dpkrfk8irigvoxmyhowfim\gradle-8.4\lib\gradle-launcher-8.4.jar
Launcher Type: SUN_STANDARD

[Global flags]
     intx CICompilerCount                          = 12                                        {product} {ergonomic}
   size_t CompressedClassSpaceSize                 = 859832320                                 {product} {ergonomic}
     uint ConcGCThreads                            = 5                                         {product} {ergonomic}
     uint G1ConcRefinementThreads                  = 20                                        {product} {ergonomic}
   size_t G1HeapRegionSize                         = 4194304                                   {product} {ergonomic}
    uintx GCDrainStackTargetSize                   = 64                                        {product} {ergonomic}
     bool HeapDumpOnOutOfMemoryError               = true                                   {manageable} {command line}
   size_t InitialHeapSize                          = 532676608                                 {product} {ergonomic}
   size_t MarkStackSize                            = 4194304                                   {product} {ergonomic}
   size_t MaxHeapSize                              = 6442450944                                {product} {command line}
   size_t MaxMetaspaceSize                         = 1073741824                                {product} {command line}
   size_t MaxNewSize                               = 3862953984                                {product} {ergonomic}
   size_t MinHeapDeltaBytes                        = 4194304                                   {product} {ergonomic}
   size_t MinHeapSize                              = 8388608                                   {product} {ergonomic}
    uintx NonNMethodCodeHeapSize                   = 7602480                                {pd product} {ergonomic}
    uintx NonProfiledCodeHeapSize                  = 122027880                              {pd product} {ergonomic}
    uintx ProfiledCodeHeapSize                     = 122027880                              {pd product} {ergonomic}
    uintx ReservedCodeCacheSize                    = 251658240                              {pd product} {ergonomic}
     bool SegmentedCodeCache                       = true                                      {product} {ergonomic}
   size_t SoftMaxHeapSize                          = 6442450944                             {manageable} {ergonomic}
     bool UseCompressedClassPointers               = true                           {product lp64_product} {ergonomic}
     bool UseCompressedOops                        = true                           {product lp64_product} {ergonomic}
     bool UseG1GC                                  = true                                      {product} {ergonomic}
     bool UseLargePagesIndividualAllocation        = false                                  {pd product} {ergonomic}

Logging:
Log output configuration:
 #0: stdout all=warning uptime,level,tags
 #1: stderr all=off uptime,level,tags

Environment Variables:
JAVA_HOME=C:\Program Files\Java\jdk-17
CLASSPATH=.;C:\Program Files\Java\jdk-17\lib;C:\Program Files\Java\jdk-17\lib\tools.jar
PATH=C:\Program Files\Java\jdk-21\bin;C:\Program Files (x86)\Common Files\Oracle\Java\javapath;C:\Windows\system32;C:\Windows;C:\Windows\System32\Wbem;C:\Windows\System32\WindowsPowerShell\v1.0\;C:\Windows\System32\OpenSSH\;C:\Program Files (x86)\NVIDIA Corporation\PhysX\Common;C:\Program Files\NVIDIA Corporation\NVIDIA NvDLISR;C:\Program Files\dotnet\;C:\Program Files\Java\jre-1.8\bin;C:\AndroidSdk\platform-tools;C:\Program Files\Git\cmd;C:\AndroidSdk\cmake\3.22.1;C:\Program Files\nodejs\;C:\Program Files\OpenSSL-Win64\bin;C:\Users\67670\AppData\Local\Programs\Python\Python313\Scripts\;C:\Users\67670\AppData\Local\Programs\Python\Python313\;C:\Users\67670\AppData\Local\Microsoft\WindowsApps;C:\Users\67670\AppData\Local\Programs\Microsoft VS Code\bin;C:\Users\67670\AppData\Local\Programs\cursor\resources\app\bin;C:\Users\67670\AppData\Roaming\npm
USERNAME=JROC
OS=Windows_NT
PROCESSOR_IDENTIFIER=Intel64 Family 6 Model 183 Stepping 1, GenuineIntel
TMP=C:\Users\67670\AppData\Local\Temp
TEMP=C:\Users\67670\AppData\Local\Temp



---------------  S Y S T E M  ---------------

OS:
 Windows 11 , 64 bit Build 26100 (10.0.26100.8328)
OS uptime: 1 days 10:02 hours
Hyper-V role detected

CPU: total 28 (initial active 28) (14 cores per cpu, 2 threads per core) family 6 model 183 stepping 1 microcode 0x129, cx8, cmov, fxsr, ht, mmx, 3dnowpref, sse, sse2, sse3, ssse3, sse4.1, sse4.2, popcnt, lzcnt, tsc, tscinvbit, avx, avx2, aes, erms, clmul, bmi1, bmi2, adx, sha, fma, vzeroupper, clflush, clflushopt, clwb, hv

Memory: 4k page, system-wide physical 32434M (3943M free)
TotalPageFile size 48818M (AvailPageFile size 259M)
current process WorkingSet (physical memory assigned to process): 3489M, peak: 3585M
current process commit charge ("private bytes"): 3611M, peak: 4350M

vm_info: OpenJDK 64-Bit Server VM (17.0.5+8) for windows-amd64 JRE (17.0.5+8), built on Oct 19 2022 04:48:13 by "temurin" with MS VC++ 16.7 (VS2019)

END.
